year,month,rank,title,views
2015,7,45,Joanna Przetakiewicz,42718
2015,7,48,Robert M,41556
2015,7,198,Lista odcinków serialu Świat według Kiepskich,23964
2015,7,238,Tadeusz Szymków,22546
2015,7,243,Reprezentacja Polski w piłce nożnej,22346
2015,7,273,Ciasteczko,21328
2015,7,309,Bracia Figo Fagot,19555
2015,7,321,Krzysztof Kruszewski,19141
2015,7,366,Sebastian Riedel,18104
2015,7,522,Kali (raper),15191
2015,7,547,Kabaret Limo,14888
2015,7,597,Kabaret Ani Mru-Mru,14288
2015,7,624,Wykaz ras psów agresywnych,14080
2015,7,626,Firma (zespół muzyczny),14065
2015,7,661,Ewa Błachnio,13650
2015,7,750,Lista odcinków serialu Miodowe lata,12813
2015,7,763,Wykaz środków odurzających i substancji psychotropowych,12736
2015,7,813,Polska Klasyfikacja Działalności,12329
2015,7,936,Stefan Pawłowski,11548
2015,8,28,Tadeusz Szymków,59378
2015,8,62,Andrzej Radomski,40315
2015,8,83,Barbara Szcześniak,35975
2015,8,87,Joanna Przetakiewicz,35478
2015,8,198,Lista odcinków serialu Świat według Kiepskich,25474
2015,8,235,Jacek Zieliński (muzyk),23434
2015,8,288,Reprezentacja Polski w piłce nożnej,20984
2015,8,299,Robert M,20736
2015,8,319,Ciasteczko,20158
2015,8,448,Oddział Zamknięty,17063
2015,8,491,Piotr Kuryło,16377
2015,8,557,Polska Klasyfikacja Działalności,15524
2015,8,572,Wykaz ras psów agresywnych,15401
2015,8,600,Linia kolejowa nr 250,15099
2015,8,603,Kabaret Limo,15069
2015,8,607,Anna Wesołowska,15032
2015,8,691,Bracia Figo Fagot,14172
2015,8,752,Kali (raper),13510
2015,8,780,Robert Kantereit,13225
2015,8,849,Referendum ogólnokrajowe,12765
2015,8,860,Marek Przybylik,12668
2015,8,864,Lista odcinków serialu Miodowe lata,12633
2015,8,899,Anna Kalczyńska,12367
2015,8,914,Poparzeni Kawą Trzy,12297
2015,8,923,Przełomowe bitwy w historii świata,12259
2015,8,940,Pierwsza miłość,12167
2015,9,40,Reprezentacja Polski w piłce nożnej,60095
2015,9,124,Maria Sadowska,37680
2015,9,231,Tadeusz Szymków,28356
2015,9,288,Lista odcinków serialu Świat według Kiepskich,26058
2015,9,318,Dzień Edukacji Narodowej,24521
2015,9,325,Rinke Rooyens,24206
2015,9,364,Pierwsza miłość,23033
2015,9,423,Aleksander Milwiw-Baron,21528
2015,9,436,Linia kolejowa nr 250,21153
2015,9,456,Referendum ogólnokrajowe,20676
2015,9,673,Iloczyn,16922
2015,9,780,Poparzeni Kawą Trzy,15682
2015,10,20,Reprezentacja Polski w piłce nożnej,105457
2015,10,25,Dzień Edukacji Narodowej,100114
2015,10,92,Okręgi wyborcze do Sejmu Rzeczypospolitej Polskiej,46411
2015,10,138,KORWiN,37917
2015,10,157,Maria Sadowska,35926
2015,10,162,Aleksander Milwiw-Baron,35689
2015,10,233,Diana Rudnik,30800
2015,10,293,Lista odcinków serialu Świat według Kiepskich,28157
2015,10,496,Pierwsza miłość,20929
2015,10,595,Ciasteczko,19304
2015,10,813,Poparzeni Kawą Trzy,16625
2015,10,830,Linia kolejowa nr 250,16440
2015,10,848,Rinke Rooyens,16274
2015,10,892,Iloczyn,15822
2015,10,938,Finansowanie partii politycznych w Polsce,15464
2015,10,949,Kamienie na szaniec,15402
2015,11,61,Reprezentacja Polski w piłce nożnej,69692
2015,11,64,Trybunał Konstytucyjny,68683
2015,11,205,Maria Sadowska,35830
2015,11,222,Linia kolejowa nr 250,34586
2015,11,278,Aleksander Milwiw-Baron,31479
2015,11,320,Afera gruntowa,29462
2015,11,331,Lista odcinków serialu Świat według Kiepskich,29056
2015,11,346,Tomasz Barański,28565
2015,11,596,Maria Teresa Kiszczak,21295
2015,11,686,Grzyby chronione w Polsce,19771
2015,11,726,Choroby genetyczne,19321
2015,11,749,Pierwsza miłość,18983
2015,11,901,Poparzeni Kawą Trzy,16937
2015,11,983,Dni wolne od pracy w Polsce,16236
2015,11,985,Lista Macierewicza,16231
2016,1,108,Trybunał Konstytucyjny,49896
2016,1,162,Danuta Holecka,41348
2016,1,242,Lista odcinków serialu Świat według Kiepskich,35344
2016,1,287,Reprezentacja Polski w piłce nożnej,32736
2016,1,403,Kamil Dąbrowa,27547
2016,1,424,Diana Rudnik,26894
2016,1,489,Anna Kalczyńska,25329
2016,1,491,Andrzej Banasiak,25301
2016,1,526,Pierwsza miłość,24381
2016,1,623,Poparzeni Kawą Trzy,22553
2016,1,627,Kali (raper),22514
2016,1,637,Piłka ręczna na Letnich Igrzyskach Olimpijskich 2016 – światowe turnieje kwalifikacyjne,22274
2016,1,768,Kontynentalne kwalifikacje w piłce siatkowej mężczyzn do Letnich Igrzysk Olimpijskich 2016,20459
2016,1,783,Linia kolejowa nr 250,20292
2016,1,856,Wykaz ras psów agresywnych,19349
2016,2,26,Maria Teresa Kiszczak,87967
2016,2,207,Lista odcinków serialu Świat według Kiepskich,33438
2016,2,327,Reprezentacja Polski w piłce nożnej,26786
2016,2,331,Krystyna Loska,26681
2016,2,388,Jerzy Błaszczyk,24673
2016,2,426,Pierwsza miłość,23381
2016,2,436,Lista Macierewicza,23110
2016,2,451,Pitbull. Nowe porządki,22835
2016,2,495,Strzelanina w Magdalence,21860
2016,2,658,Wacław Berczyński,19092
2016,2,667,Kali (raper),18937
2016,2,700,SB a Lech Wałęsa. Przyczynek do biografii,18307
2016,2,819,Zabójstwo małżeństwa Jaroszewiczów,17066
2016,2,852,Michał Jagiełło,16796
2016,2,855,Wykaz ras psów agresywnych,16760
2016,2,871,Andrzej Banasiak,16568
2016,2,900,Trybunał Konstytucyjny,16302
2016,2,905,Edward Miszczak,16268
2016,2,959,Maciej Nowak,15697
2016,3,55,Trybunał Konstytucyjny,69096
2016,3,66,Reprezentacja Polski w piłce nożnej,64673
2016,3,198,Lista odcinków serialu Świat według Kiepskich,36478
2016,3,291,Anna Dąbrowska,30453
2016,3,303,Jerzy Grzechnik,29643
2016,3,340,Jerzy Błaszczyk,28128
2016,3,369,Pierwsza miłość,26947
2016,3,454,Wykaz ras psów agresywnych,24624
2016,3,511,Linia kolejowa nr 250,23289
2016,3,546,Krzysztof Zalewski,22496
2016,3,608,Karol Bedorf,21550
2016,3,680,Witold Roland,20213
2016,3,737,Joka,19153
2016,3,851,Dorota Szelągowska,17925
2016,3,864,Krajowe Eliminacje do Konkursu Piosenki Eurowizji 2016,17741
2016,5,4,Maria Czubaszek,283385
2016,5,58,Reprezentacja Polski w piłce nożnej,58515
2016,5,98,Krystian Rempała,48074
2016,5,136,Aziz Karaoglu,41083
2016,5,191,Dorota Szelągowska,34480
2016,5,243,Jolanta Czaplińska,31152
2016,5,300,Lista odcinków serialu Świat według Kiepskich,28327
2016,5,327,Lotto (gra liczbowa),26920
2016,5,365,Andrzej Banasiak,25573
2016,5,376,Jerzy Grzechnik,25130
2016,5,377,Trybunał Konstytucyjny,25101
2016,5,486,Witold Roland,22291
2016,5,519,Linia kolejowa nr 250,21249
2016,5,635,Święta katolickie w Polsce,18985
2016,5,787,Kali (raper),17272
2016,5,799,Pierwsza miłość,17179
2016,5,867,Jacek Janczarski,16489
2016,5,944,Ewa Błachnio,15888
2016,6,4,Reprezentacja Polski w piłce nożnej,397928
2016,6,170,Kortez,37217
2016,6,198,Jerzy Zimowski,33762
2016,6,416,Lista odcinków serialu Świat według Kiepskich,22185
2016,6,465,Linia kolejowa nr 250,20674
2016,6,555,Kataryna,19073
2016,6,708,Krystyna Loska,16874
2016,6,727,Trybunał Konstytucyjny,16516
2016,6,735,Krystian Rempała,16434
2016,6,751,Jan Tomaszewski,16229
2016,6,759,KęKę,16165
2016,6,781,Anna Dąbrowska,15817
2016,6,865,Maria Czubaszek,14954
2016,6,870,Dorota Szelągowska,14907
2016,7,16,Reprezentacja Polski w piłce nożnej,155712
2016,7,67,Jerzy Nasierowski,57221
2016,7,185,Linia kolejowa nr 250,31240
2016,7,270,Ewa Żukowska,25698
2016,7,281,Lista odcinków serialu Świat według Kiepskich,25218
2016,7,439,Podział administracyjny województwa lubelskiego,19922
2016,7,450,Andrzej Banasiak,19747
2016,7,600,Wykaz ras psów agresywnych,16672
2016,7,614,Daleko od szosy,16477
2016,7,620,Alan Andersz,16408
2016,7,621,Dorota Szelągowska,16399
2016,7,791,Pitbull. Nowe porządki,14435
2016,7,818,Olga Szomańska,14202
2016,9,66,Mariola Bojarska-Ferenc,52339
2016,9,78,Małgorzata Rozenek-Majdan,47362
2016,9,82,Olga Szomańska,46593
2016,9,93,Reprezentacja Polski w piłce nożnej,44489
2016,9,115,Linia kolejowa nr 250,39373
2016,9,139,Maria Sadowska,35850
2016,9,241,Leszek Stanek,28347
2016,9,267,KęKę,27467
2016,9,287,Lista odcinków serialu Świat według Kiepskich,26918
2016,9,293,Rinke Rooyens,26819
2016,9,300,Podział administracyjny województwa lubelskiego,26694
2016,9,312,Agnieszka Woźniak-Starak,26257
2016,9,316,Michał Żurawski,26084
2016,9,374,Ewa Błachnio,23642
2016,9,391,Pitbull. Nowe porządki,22983
2016,9,510,Pierwsza miłość,20454
2016,9,546,Dzień Edukacji Narodowej,19634
2016,9,571,Aleksander Milwiw-Baron,19141
2016,9,699,Joanna Przetakiewicz,17219
2016,9,706,Sound’n’Grace,17073
2016,9,720,Waldemar Goszcz,16864
2016,9,785,Zdzisław Marchwicki,16246
2016,9,939,Łukasz Jemioł,14716
2016,10,45,Dzień Edukacji Narodowej,72378
2016,10,46,Linia kolejowa nr 250,70914
2016,10,47,Leszek Stanek,70620
2016,10,48,Podział administracyjny województwa lubelskiego,70070
2016,10,116,Małgorzata Rozenek-Majdan,42507
2016,10,128,Michał Żurawski,40216
2016,10,174,Ewa Żukowska,35044
2016,10,194,Maria Sadowska,33724
2016,10,257,Olga Szomańska,29988
2016,10,293,Lista odcinków serialu Świat według Kiepskich,27980
2016,10,301,Strzelcy bramek dla reprezentacji Polski w piłce nożnej mężczyzn,27642
2016,10,367,Aleksander Milwiw-Baron,24898
2016,10,414,Pierwsza miłość,23857
2016,10,466,Łukasz Jemioł,22544
2016,10,553,Ewa Błachnio,20982
2016,10,577,Radzimir Dębski,20516
2016,10,588,Zdzisław Marchwicki,20361
2016,10,671,Rinke Rooyens,18897
2016,10,708,Trybunał Konstytucyjny,18383
2016,10,718,Andrzej Banasiak,18275
2016,10,912,Kortez,16474
2016,10,920,Pitbull. Nowe porządki,16440
2016,11,37,Zdzisław Marchwicki,88580
2016,11,80,Michał Żurawski,58467
2016,11,89,Sędzia-komisarz,54783
2016,11,140,Linia kolejowa nr 250,44465
2016,11,149,Leszek Stanek,43467
2016,11,184,Pitbull. Nowe porządki,38888
2016,11,198,Olga Szomańska,37637
2016,11,249,Maria Sadowska,34131
2016,11,295,Tomasz Oświeciński,30960
2016,11,299,Strzelcy bramek dla reprezentacji Polski w piłce nożnej mężczyzn,30798
2016,11,352,Małgorzata Rozenek-Majdan,27987
2016,11,443,Lista odcinków serialu Świat według Kiepskich,25335
2016,11,450,Pierwsza miłość,25181
2016,11,455,Romuald Cichoń,25013
2016,11,457,Podział administracyjny województwa lubelskiego,24910
2016,11,595,Marcin Pawłowski (dziennikarz),22104
2016,11,631,Neo-Nówka,21547
2016,11,701,Wojciech Mann,20496
2016,11,720,Trybunał Konstytucyjny,20219
2016,11,752,Aleksander Milwiw-Baron,19807
2016,11,802,Rafał Maserak,19027
2016,11,838,Choroby genetyczne,18512
2016,11,911,Kortez,17722
2016,11,964,Andrzej Banasiak,17236
2017,1,41,Linia kolejowa nr 250,87387
2017,1,51,Zdzisław Marchwicki,75793
2017,1,90,Sprawa zabójstwa Krzysztofa Olewnika,55731
2017,1,122,Rafał Wójcikowski,47637
2017,1,225,Lista skoczków narciarskich ze zwycięstwem w Pucharze Świata,36366
2017,1,256,"PM2,5",34417
2017,1,277,Reprezentacja Polski w skokach narciarskich,33177
2017,1,281,Dorota Szelągowska,32793
2017,1,290,Stan pomroczny jasny,32452
2017,1,335,Lista odcinków serialu Świat według Kiepskich,29388
2017,1,394,Maria Sadowska,27795
2017,1,427,Józef Kijowski,26721
2017,1,567,Trybunał Konstytucyjny,23688
2017,1,594,Pierwsza miłość,23217
2017,1,654,Kortez,22075
2017,1,752,Puchar Narodów w skokach narciarskich,20820
2017,1,817,Kabaret Moralnego Niepokoju,19905
2017,1,903,Małgorzata Rozenek-Majdan,18888
2017,1,959,Imieniny – styczeń,18292
2017,2,37,Dorota Szelągowska,75698
2017,2,104,Wojciech Łuszczykiewicz,46746
2017,2,244,Linia kolejowa nr 250,31460
2017,2,276,Zdzisław Marchwicki,29966
2017,2,297,Andrzej Banasiak,28093
2017,2,332,Alan Andersz,26922
2017,2,360,Maria Sadowska,26026
2017,2,369,Lista odcinków serialu Świat według Kiepskich,25778
2017,2,379,Małgorzata Rozenek-Majdan,25372
2017,2,388,Mars napada,25123
2017,2,444,Sprawiedliwi – Wydział Kryminalny,23876
2017,2,473,Ryszard Bogucki,23124
2017,2,521,Pierwsza miłość,22192
2017,2,568,Anna Dąbrowska,21480
2017,2,659,Tomasz Niecik,20023
2017,2,708,Natalia Niemen,19162
2017,2,748,Piotr Pytel,18736
2017,2,895,Klątwa (dramat),16956
2017,2,905,Borys Mańkowski,16863
2017,2,907,Imieniny – luty,16798
2017,2,938,"PM2,5",16392
2017,3,44,Adrianna Godlewska,78851
2017,3,79,Agata Młynarska,58651
2017,3,105,Jan Młynarski,52130
2017,3,136,Parostki,44651
2017,3,175,Zofia Nowakowska,40105
2017,3,192,Wojciech Łuszczykiewicz,38881
2017,3,246,Małgorzata Rozenek-Majdan,33613
2017,3,280,Alan Andersz,31562
2017,3,287,Paulina Chylewska,31171
2017,3,325,Łukasz Jakóbiak,29063
2017,3,354,Dorota Szelągowska,27950
2017,3,388,Lista odcinków serialu Świat według Kiepskich,26766
2017,3,412,Sprawiedliwi – Wydział Kryminalny,26128
2017,3,446,Tomasz Niecik,25281
2017,3,511,Puchar Narodów w skokach narciarskich,24064
2017,3,558,Tomasz Zimoch,22847
2017,3,582,Pierwsza miłość,22397
2017,3,606,Katarzyna Piasecka,21881
2017,3,683,Reprezentacja Polski w skokach narciarskich,20520
2017,3,693,Dzięcielina,20305
2017,3,754,Linia kolejowa nr 250,19526
2017,3,778,Imieniny – marzec,19234
2017,3,789,Anna Dąbrowska,19048
2017,3,821,Zdzisław Marchwicki,18743
2017,4,35,Saksoński bocian,77981
2017,4,54,Wacław Berczyński,60925
2017,4,99,Małgorzata Rozenek-Majdan,44590
2017,4,178,Zwierzęta objęte ścisłą ochroną gatunkową w Polsce (2014–2017),35397
2017,4,257,Dorota Szelągowska,30502
2017,4,378,Piotr Kędzierski,24718
2017,4,404,Wojciech Łuszczykiewicz,23852
2017,4,408,Lista odcinków serialu Świat według Kiepskich,23790
2017,4,449,Zdzisław Marchwicki,22906
2017,4,454,Zofia Nowakowska,22856
2017,4,490,Linia kolejowa nr 250,22178
2017,4,554,Tomasz Oświeciński,20903
2017,4,591,Sprawiedliwi – Wydział Kryminalny,20139
2017,4,648,Łabędź rostowski,19269
2017,4,659,Alan Andersz,19131
2017,4,767,Dni wolne od pracy w Polsce,17640
2017,4,784,Pierwsza miłość,17469
2017,4,948,Anna Dąbrowska,15720
2017,4,952,Kazimierz Nowaczyk,15704
2017,4,963,Tomasz Kammel,15614
2017,4,983,Polska czerwona księga zwierząt,15376
2017,5,106,Borys Mańkowski,45866
2017,5,117,Kamienie na szaniec,43929
2017,5,173,Robert Klatt,36011
2017,5,190,Zwierzęta objęte ścisłą ochroną gatunkową w Polsce (2014–2017),35021
2017,5,245,Dzwon ratowniczy,31343
2017,5,266,Artur Włodarski,30493
2017,5,316,Święta katolickie w Polsce,28321
2017,5,435,Małgorzata Rozenek-Majdan,24213
2017,5,468,Sprawiedliwi – Wydział Kryminalny,23328
2017,5,502,Łukasz Jurkowski,22538
2017,5,521,Linia kolejowa nr 250,22009
2017,5,558,Obcy,21327
2017,5,574,Lista odcinków serialu Świat według Kiepskich,21011
2017,5,611,Krzysztof Łapiński,20410
2017,5,673,Anna Dąbrowska,19549
2017,5,677,Dr Misio,19490
2017,5,695,Kortez,19284
2017,5,702,Dorota Szelągowska,19178
2017,5,709,Lista gatunków roślin objętych ścisłą ochroną w Polsce,19113
2017,5,712,Lech Morawski,19103
2017,5,724,Mitch & Mitch,18971
2017,5,729,Rezydent,18896
2017,5,789,Polska czerwona księga zwierząt,18121
2017,5,817,Zamach na Jana Pawła II,17811
2017,5,874,Classic,17115
2017,5,883,Pierwsza miłość,16968
2017,6,64,Małgorzata Rozenek-Majdan,48353
2017,6,105,Kazimierz Sowa,37024
2017,6,199,Strzelcy bramek dla reprezentacji Polski w piłce nożnej mężczyzn,27101
2017,6,212,Jacek Skiba,26192
2017,6,253,Osadnik Gajówka,24380
2017,6,269,Sprawiedliwi – Wydział Kryminalny,23991
2017,6,291,Linia kolejowa nr 250,22867
2017,6,533,Lista odcinków serialu Świat według Kiepskich,17457
2017,6,538,Komisja śledcza do zbadania prawidłowości i legalności działań organów i instytucji publicznych wobec podmiotów wchodzących w skład Grupy Amber Gold,17427
2017,6,565,Mejk,17155
2017,6,717,Lista Macierewicza,15228
2017,6,718,Milano (zespół muzyczny),15226
2017,6,834,Trzeci Oddech Kaczuchy,14156
2017,6,867,Imieniny – czerwiec,13961
2017,6,895,Sławomir Świerzyński,13717
2017,6,919,Piękni i Młodzi,13482
2017,6,942,Zdzisław Marchwicki,13353
2017,6,948,Dorota Szelągowska,13311
2017,7,63,Tadeusz Sznuk,47074
2017,7,147,Lech Morawski,32151
2017,7,166,Linia kolejowa nr 250,30633
2017,7,276,Marek Wysocki,24246
2017,7,281,Osadnik Gajówka,24028
2017,7,312,Piękni i Młodzi,22663
2017,7,324,Bohdan Zdziennicki,22136
2017,7,342,Lista odcinków serialu Świat według Kiepskich,21508
2017,7,406,Sebastian Riedel,19581
2017,7,474,Dorota Szelągowska,18300
2017,7,523,Pierwszy Prezes Sądu Najwyższego,17338
2017,7,534,Weto ustawodawcze,17137
2017,7,546,Bronisław Berman,17052
2017,7,551,Imieniny – lipiec,17030
2017,7,553,Imperatyw,17024
2017,7,554,Małgorzata Rozenek-Majdan,17018
2017,7,571,Andrzej Rosiewicz,16785
2017,7,647,Sprawiedliwi – Wydział Kryminalny,15610
2017,7,650,Projekt Lady,15562
2017,7,657,Trybunał Konstytucyjny,15466
2017,7,716,Święto Policji,14888
2017,7,834,Sejm Rzeczypospolitej Polskiej VIII kadencji,13846
2017,7,856,Ciekawy przypadek Benjamina Buttona,13650
2017,7,861,Jerzy Targalski,13588
2017,7,924,Wykaz ras psów agresywnych,13092
2017,7,968,Ewa Błachnio,12769
2017,8,12,Bruno Miecugow,88377
2017,8,70,Wanda Kwietniewska,42352
2017,8,89,Linia kolejowa nr 250,38401
2017,8,100,Projekt Lady,36544
2017,8,104,Małgorzata Rozenek-Majdan,36283
2017,8,126,Dorota Szelągowska,33691
2017,8,132,Oddział Zamknięty,32950
2017,8,320,Lista odcinków serialu Świat według Kiepskich,22837
2017,8,337,Osadnik Gajówka,22212
2017,8,379,Sprawiedliwi – Wydział Kryminalny,20595
2017,8,451,Kancelarya,18616
2017,8,458,Tomasz Sianecki,18393
2017,8,488,Maria Czubaszek,17929
2017,8,490,Nocny Kochanek,17916
2017,8,540,Zdzisław Marchwicki,17048
2017,8,562,Kamienie na szaniec,16754
2017,8,624,Tadeusz Sznuk,16044
2017,8,626,Joanna Przetakiewicz,16012
2017,8,807,De Mono,14121
2017,8,846,Tatiana Mindewicz-Puacz,13810
2017,8,871,Wykaz ras psów agresywnych,13635
2017,8,877,Gliniarze (serial telewizyjny),13587
2017,8,940,Wojciech Wencel,13128
2017,8,945,Ola Ciupa,13091
2017,9,40,Joanna Przetakiewicz,64992
2017,9,84,Michał Królikowski,47745
2017,9,85,Maria Sadowska,47643
2017,9,89,Linia kolejowa nr 250,47303
2017,9,150,Sprawiedliwi – Wydział Kryminalny,37111
2017,9,209,Jerzy Targalski,31933
2017,9,229,Gliniarze (serial telewizyjny),31008
2017,9,246,Małgorzata Rozenek-Majdan,30272
2017,9,299,Stanisław Karpiel-Bułecka,27375
2017,9,306,Gładysz,27223
2017,9,359,W rytmie serca (serial telewizyjny),25409
2017,9,417,Lista odcinków serialu Świat według Kiepskich,23150
2017,9,422,Aleksander Milwiw-Baron,23009
2017,9,455,Bruno Miecugow,22153
2017,9,564,Dorota Szelągowska,19700
2017,9,567,Mariusz Ostrowski,19620
2017,9,677,Jerzy Zięba,17798
2017,9,685,Ryszard Faron,17680
2017,9,746,Andrzej Młynarczyk,16943
2017,9,944,Iloczyn,15054
2017,9,966,Alfons Maćkowiak,14895
2017,9,973,Pierwsza miłość,14858
2017,10,18,Joanna Przetakiewicz,91560
2017,10,32,Jerzy Zięba,77046
2017,10,38,Linia kolejowa nr 250,72149
2017,10,93,Sosręb,48778
2017,10,121,Dzień Edukacji Narodowej,42964
2017,10,168,Tomasz Oświeciński,38011
2017,10,184,Maria Sadowska,36648
2017,10,212,Piotr Tymochowicz,34395
2017,10,221,Sprawiedliwi – Wydział Kryminalny,33460
2017,10,225,Strzelcy bramek dla reprezentacji Polski w piłce nożnej mężczyzn,33322
2017,10,324,Rezydent,27960
2017,10,344,Dorota Szelągowska,26882
2017,10,361,Rafał Wolski,26094
2017,10,469,Łukasz Jakóbiak,22864
2017,10,487,Lista odcinków serialu Świat według Kiepskich,22506
2017,10,495,Tadeusz Szymków,22373
2017,10,505,Andrzej Banasiak,22190
2017,10,562,Aleksander Milwiw-Baron,21362
2017,10,593,Jerzy Targalski,20845
2017,10,631,W rytmie serca (serial telewizyjny),20032
2017,10,666,Małgorzata Rozenek-Majdan,19377
2017,10,726,Stanisław Karpiel-Bułecka,18442
2017,10,785,Iloczyn,17767
2017,10,826,Kortez,17451
2017,10,831,Tomasz Kammel,17416
2017,10,854,Renata Sosin,17180
2017,10,884,Stopnie naukowe w Polsce,16910
2017,10,961,Historia reprezentacji Polski w piłce nożnej mężczyzn,16049
2017,10,980,Krainy geograficzne w Polsce,15923
2017,10,983,Zjednoczenie Niemiec,15906
2017,11,24,Areometr Richtera,88288
2017,11,25,Joanna Przetakiewicz,88027
2017,11,35,Kortez,75595
2017,11,78,Linia kolejowa nr 250,53605
2017,11,136,Maria Sadowska,41225
2017,11,275,Stanisław Karpiel-Bułecka,30530
2017,11,296,Sprawiedliwi – Wydział Kryminalny,29270
2017,11,350,Agnieszka Paszkowska,26985
2017,11,361,Sztufada,26488
2017,11,446,Aleksander Milwiw-Baron,24332
2017,11,495,Lista odcinków serialu Świat według Kiepskich,23239
2017,11,501,Zwierzęta objęte ścisłą ochroną gatunkową w Polsce (2014–2017),23110
2017,11,586,Andrzej Banasiak,21108
2017,11,631,Jerzy Nasierowski,20448
2017,11,666,Michał Zabłocki,19960
2017,11,782,Łukasz Jakóbiak,18534
2017,11,788,W rytmie serca (serial telewizyjny),18411
2017,11,789,Pierwsza miłość,18398
2017,11,887,Tomasz Kammel,17399
2018,1,58,"Lista Polaków, którzy zginęli w Himalajach i Karakorum",91115
2018,1,144,Dorota Szelągowska,53592
2018,1,191,Cudka,44476
2018,1,203,Marcin Kaczkan,42361
2018,1,204,Ryszard Pawłowski,42359
2018,1,210,Lista skoczków narciarskich ze zwycięstwem w Pucharze Świata,41803
2018,1,243,Aleksander Milwiw-Baron,38594
2018,1,278,Linia kolejowa nr 250,36387
2018,1,334,Małgorzata Rozenek-Majdan,32095
2018,1,379,Reprezentacja Polski w skokach narciarskich,29925
2018,1,444,Waldemar Goszcz,27981
2018,1,525,Niemierza Kazimierzowic,25535
2018,1,574,Jacek Berbeka,24311
2018,1,659,Kortez,22850
2018,1,691,Joanna Przetakiewicz,22295
2018,1,697,Lista odcinków serialu Świat według Kiepskich,22207
2018,1,844,Sprawiedliwi – Wydział Kryminalny,19914
2018,1,848,Krzysztof Berbeka,19875
2018,1,864,Klara Zach,19577
2018,1,900,Jerzy Zięba,19251
2018,1,946,Marek Klonowski,18729
2018,1,966,Honorata Witańska,18492
2018,1,968,Olivier Janiak,18445
2018,2,76,Agata Nizińska,63775
2018,2,139,"Lista Polaków, którzy zginęli w Himalajach i Karakorum",46520
2018,2,162,Emerytura olimpijska,43825
2018,2,189,Dorota Szelągowska,39612
2018,2,206,Barbara Winiarska,37752
2018,2,223,Marcin Kaczkan,36187
2018,2,253,Małgorzata Rozenek-Majdan,33944
2018,2,261,Polscy medaliści zimowych igrzysk olimpijskich,33683
2018,2,268,Joanna Przetakiewicz,32837
2018,2,289,Aleksander Milwiw-Baron,31308
2018,2,304,Grzegorz Kiełb,30431
2018,2,322,Ryszard Pawłowski,29405
2018,2,373,Igor Kwiatkowski,27197
2018,2,408,KęKę,25860
2018,2,412,Jarosław Botor,25818
2018,2,464,Paweł Tamborski,24400
2018,2,537,Tomasz Oświeciński,22785
2018,2,558,Linia kolejowa nr 250,22450
2018,2,603,Reprezentacja Polski w skokach narciarskich,21445
2018,2,617,Olivier Janiak,21139
2018,2,707,Botoks (serial telewizyjny),19671
2018,2,711,Lista odcinków serialu Świat według Kiepskich,19602
2018,2,771,Kortez,18697
2018,2,801,Sprawiedliwi – Wydział Kryminalny,18317
2018,2,818,TPS (raper),18117
2018,2,841,Jerzy Zięba,17839
2018,2,888,Pierwsza miłość,17408
2018,3,5,Chada,248321
2018,3,29,Lista skoczków narciarskich ze zwycięstwem w Pucharze Świata,85508
2018,3,45,Małgorzata Rozenek-Majdan,73283
2018,3,105,Jan Kliment (tancerz),50846
2018,3,106,Pitbull. Ostatni pies,50585
2018,3,126,Kolaudacja,47361
2018,3,144,Jarosław Kret,43221
2018,3,192,Krzysztof Gojdź,37209
2018,3,197,Zabójstwo małżeństwa Jaroszewiczów,37008
2018,3,213,Linia kolejowa nr 250,35365
2018,3,261,Joanna Przetakiewicz,32048
2018,3,283,Botoks (serial telewizyjny),30825
2018,3,350,Kali (raper),27889
2018,3,369,Andrzej Jaroszewicz,27471
2018,3,372,Monika Borys,27336
2018,3,431,Sprawiedliwi – Wydział Kryminalny,25376
2018,3,434,KęKę,25300
2018,3,547,Tomasz Oświeciński,22382
2018,3,610,Igor Kwiatkowski,21126
2018,3,621,Gliniarze (serial telewizyjny),20828
2018,3,630,Lista odcinków serialu Świat według Kiepskich,20705
2018,3,634,Anna Guzik,20602
2018,3,670,Tomasz Kammel,20164
2018,3,690,Estry fosforanowe,19881
2018,3,733,Piotr Janczerski,19452
2018,3,737,Dorota Szelągowska,19420
2018,3,741,Stanisław Karpiel-Bułecka,19341
2018,3,808,Katarzyna Montgomery,18435
2018,3,821,Jacek Kapica,18325
2018,3,883,Kortez,17568
2018,3,910,Pierwsza miłość,17351
2018,3,953,"Tamte dni, tamte noce",17023
2018,3,955,Rafał Maserak,17020
2018,3,980,Maciej Dowbor,16793
2018,4,15,Emil Stępień,97877
2018,4,171,"Soma 0,5 mg",33849
2018,4,172,Zwierzęta objęte ścisłą ochroną gatunkową w Polsce (2014–2017),33647
2018,4,181,Małgorzata Rozenek-Majdan,33055
2018,4,215,Ministerstwo Sprawiedliwości,30344
2018,4,231,KęKę,29911
2018,4,282,Dorota Szelągowska,27773
2018,4,283,Chada,27757
2018,4,319,Ewa Błachnio,26353
2018,4,320,Antoni Pszoniak,26274
2018,4,351,Linia kolejowa nr 250,24877
2018,4,508,Sprawiedliwi – Wydział Kryminalny,20709
2018,4,539,Nocny Kochanek,20104
2018,4,546,Kali (raper),19983
2018,4,740,Lista odcinków serialu Świat według Kiepskich,17184
2018,4,756,Kortez,17036
2018,4,816,Mandatariusz,16344
2018,4,829,Krzysztof Gojdź,16203
2018,4,838,Andrzej Rosiewicz,16129
2018,4,842,Katarzyna Kwiatkowska,16065
2018,4,843,Aleja gwiazd,16052
2018,4,886,Pitbull. Ostatni pies,15594
2018,4,952,Jacek Skiba,15065
2018,4,975,Polska czerwona księga zwierząt,14837
2018,5,82,Defekacja,55066
2018,5,124,Kortez,45015
2018,5,127,Małgorzata Rozenek-Majdan,44441
2018,5,132,Zwierzęta objęte ścisłą ochroną gatunkową w Polsce (2014–2017),43856
2018,5,145,Osadnik Gajówka,42544
2018,5,160,"Soma 0,5 mg",40872
2018,5,284,Bernadeta Krynicka,30804
2018,5,367,KęKę,27168
2018,5,399,Sprawiedliwi – Wydział Kryminalny,25807
2018,5,408,Kali (raper),25414
2018,5,448,Emil Stępień,24205
2018,5,461,Piotr Bałtroczyk,23626
2018,5,486,Sara Chmiel,22969
2018,5,532,Święta katolickie w Polsce,21999
2018,5,592,Gliniarze (serial telewizyjny),20939
2018,5,613,Tomasz Kammel,20570
2018,5,624,Michał Królikowski,20394
2018,5,637,Tomasz Ciachorowski,20118
2018,5,726,Alojzy Piontek,18598
2018,5,756,Rezerwat przyrody Hedera,18271
2018,5,776,Powieść paraboliczna,17986
2018,5,785,Joanna Przetakiewicz,17910
2018,5,811,Lista odcinków serialu Świat według Kiepskich,17607
2018,5,816,Andrzej Banasiak,17560
2018,5,868,Chada,16968
2018,5,934,Polska czerwona księga zwierząt,16384
2018,6,78,Sławek Uniatowski,64493
2018,6,116,Kortez,52083
2018,6,125,Historia reprezentacji Polski w piłce nożnej mężczyzn,50504
2018,6,184,Małgorzata Rozenek-Majdan,40287
2018,6,223,Kali (raper),35786
2018,6,259,Wanda Kwietniewska,32541
2018,6,270,Karol Bedorf,32178
2018,6,456,Sławomir Szewiński,22532
2018,6,477,"Soma 0,5 mg",22150
2018,6,495,Projekt Lady,21793
2018,6,501,Strzelcy bramek dla reprezentacji Polski w piłce nożnej mężczyzn,21627
2018,6,520,Joanna Przetakiewicz,21144
2018,6,588,Tomasz Oświeciński,19337
2018,6,589,Maciej Miecznikowski,19300
2018,6,590,Barbara Szcześniak,19288
2018,6,687,Osadnik Gajówka,17605
2018,6,689,Sara Brylewska,17581
2018,6,702,Lista odcinków serialu Świat według Kiepskich,17362
2018,6,728,Vivian Quarcoo,16980
2018,6,734,Jerzy Zięba,16858
2018,6,753,Sprawiedliwi – Wydział Kryminalny,16693
2018,6,780,Gliniarze (serial telewizyjny),16422
2018,6,837,Dominika Gawęda,15720
2018,6,845,KęKę,15635
2018,6,913,Historia występów reprezentacji Polski w piłce nożnej mężczyzn w rozgrywkach międzynarodowych,15058
2018,6,927,Przemysław Babiarz,14960
2018,7,76,Kamil Sipowicz,59145
2018,7,157,Kortez,39194
2018,7,206,Józef Iwulski,33573
2018,7,269,Osadnik Gajówka,28559
2018,7,353,Małgorzata Rozenek-Majdan,24766
2018,7,433,"Blisko, coraz bliżej",21936
2018,7,464,Milo Kurtis,20876
2018,7,468,Lista odcinków serialu Świat według Kiepskich,20774
2018,7,472,Historia reprezentacji Polski w piłce nożnej mężczyzn,20722
2018,7,529,Joanna Przetakiewicz,19493
2018,7,537,Gliniarze (serial telewizyjny),19337
2018,7,543,Marcin Matczak,19280
2018,7,550,"Soma 0,5 mg",19167
2018,7,580,Marek Chmaj,18661
2018,7,649,Bohdan Zdziennicki,17536
2018,7,693,Sławomir Szewiński,16852
2018,7,694,Kobiety mafii (serial telewizyjny),16842
2018,7,788,Daleko od szosy,15629
2018,7,837,Dorota Szelągowska,15149
2018,7,854,Grzegorz Grzyb (muzyk),14990
2018,7,919,Sprawiedliwi – Wydział Kryminalny,14266
2018,7,970,Wiesław Johann,13851
2018,8,36,Kamil Sipowicz,63388
2018,8,42,Skurwysyn,60568
2018,8,59,Kortez,51878
2018,8,71,Areometr Richtera,49342
2018,8,116,Linia kolejowa nr 250,38939
2018,8,155,Henryk Niewiadomski,33103
2018,8,183,Rinke Rooyens,30970
2018,8,222,Osadnik Gajówka,28997
2018,8,243,Gliniarze (serial telewizyjny),27703
2018,8,281,Małgorzata Rozenek-Majdan,25806
2018,8,307,Lista odcinków serialu Świat według Kiepskich,24841
2018,8,395,Genowefa Pigwa,21694
2018,8,422,Tamara Gonzalez Perea,20956
2018,8,459,Felicjan Andrzejczak,20017
2018,8,468,Olivier Janiak,19835
2018,8,476,Dorota Szelągowska,19642
2018,8,484,Andrzej Banasiak,19543
2018,8,528,Igor Kwiatkowski,18779
2018,8,544,Dominika Gawęda,18384
2018,8,547,Klocuch,18349
2018,8,573,Vox (zespół muzyczny),17855
2018,8,580,Adrianna Borek,17746
2018,8,590,Sprawiedliwi – Wydział Kryminalny,17671
2018,8,592,Sławek Uniatowski,17646
2018,8,623,Milo Kurtis,17225
2018,8,657,Jerzy Zięba,16911
2018,8,658,Pitbull. Ostatni pies,16895
2018,8,675,Agnieszka Woźniak-Starak,16671
2018,8,687,Zbigniew Hołdys,16463
2018,8,742,Krystyna Loska,15793
2018,8,761,Nocny Kochanek,15601
2018,8,786,Mirosław Gawor,15399
2018,8,893,Wykaz ras psów agresywnych,14411
2018,8,918,Piotr Najsztub,14186
2018,9,12,Kolaudacja,140245
2018,9,55,Fundusz Obsługi Zadłużenia Zagranicznego,60497
2018,9,58,Rinke Rooyens,59085
2018,9,108,Adriana Kalska,42844
2018,9,139,Kortez,38145
2018,9,166,Linia kolejowa nr 250,35570
2018,9,183,Dariusz Przywieczerski,33960
2018,9,205,Małgorzata Rozenek-Majdan,32457
2018,9,300,Mateusz Ziółko,26912
2018,9,302,Falandyzacja prawa,26853
2018,9,316,Joanna Przetakiewicz,26115
2018,9,345,Lista odcinków serialu Świat według Kiepskich,24582
2018,9,348,Sprawiedliwi – Wydział Kryminalny,24517
2018,9,432,Milano (zespół muzyczny),22070
2018,9,454,Zuzanna Falzmann,21410
2018,9,480,Piękni i Młodzi,20804
2018,9,540,Gliniarze (serial telewizyjny),19628
2018,9,545,Kamienie na szaniec,19572
2018,9,554,Radzimir Dębski,19459
2018,9,564,Marek Molak,19325
2018,9,575,Maja Frykowska,19117
2018,9,742,Dorota Szelągowska,16916
2018,9,821,Maciej Zientarski,15808
2018,9,855,Adrianna Borek,15551
2018,9,897,Igor Kwiatkowski,15194
2018,9,907,Pierwsza miłość,15124
2018,9,938,Jolanta Pieńkowska,14784
2018,9,981,Iloczyn,14496
2018,9,983,Krzysztof Łapiński,14463
2018,10,24,Linia kolejowa nr 250,86604
2018,10,68,Bogdan Sawicki (dziennikarz),54529
2018,10,81,Kortez,50265
2018,10,118,Mateusz Ziółko,42472
2018,10,173,Dzień Edukacji Narodowej,36479
2018,10,194,Rinke Rooyens,34355
2018,10,229,Adriana Kalska,31476
2018,10,273,Piotr Pawłowski (działacz społeczny),29070
2018,10,328,Małgorzata Rozenek-Majdan,26807
2018,10,460,Lista odcinków serialu Świat według Kiepskich,22654
2018,10,466,Krystyna Krzekotowska,22459
2018,10,502,Sprawiedliwi – Wydział Kryminalny,21693
2018,10,575,Jan Śpiewak (działacz społeczny),20210
2018,10,590,Szkoła latania,19897
2018,10,618,Wojciech Medyński,19484
2018,10,686,Dorota Szelągowska,18594
2018,10,710,Maja Frykowska,18303
2018,10,715,Gliniarze (serial telewizyjny),18188
2018,10,729,Stopnie naukowe w Polsce,17988
2018,10,733,Piotr Ferster,17943
2018,10,736,Akop Szostak,17936
2018,10,780,Iloczyn,17322
2018,10,792,Tomasz Kammel,17195
2018,10,837,Joanna Przetakiewicz,16819
2018,10,979,Bogdan Rymanowski,15632
2018,11,7,Marek Chrzanowski (ekonomista),187873
2018,11,20,Linia kolejowa nr 250,113114
2018,11,45,Jolanta Pieńkowska,77258
2018,11,66,Połączenie zgrzewane,63246
2018,11,145,Jerzy Zięba,45356
2018,11,163,Centralna Doświadczalna Stacja Jedwabnicza,43177
2018,11,208,Mateusz Ziółko,37654
2018,11,288,Kortez,32268
2018,11,358,Rinke Rooyens,28773
2018,11,424,Dixon37,26174
2018,11,438,Małgorzata Rozenek-Majdan,25655
2018,11,445,Adriana Kalska,25387
2018,11,494,Gomółka,24377
2018,11,496,Paweł Piekarczyk,24260
2018,11,529,Jacek Jastrzębski,23573
2018,11,530,Szkoła latania,23566
2018,11,537,Honorata Witańska,23261
2018,11,541,Elżbieta Chojna-Duch,23171
2018,11,548,Sprawiedliwi – Wydział Kryminalny,22987
2018,11,578,Lista odcinków serialu Świat według Kiepskich,22355
2018,11,630,Gliniarze (serial telewizyjny),21354
2018,11,690,Komisja śledcza do zbadania prawidłowości i legalności działań organów i instytucji publicznych wobec podmiotów wchodzących w skład Grupy Amber Gold,20310
2018,11,715,Dorota Szelągowska,19852
2018,11,730,Chada,19646
2018,11,777,Wykaz ras psów agresywnych,19097
2018,11,783,Sławomir Matczak,19037
2018,11,840,Pogrzeb Józefa Piłsudskiego,18512
2018,11,871,Joanna Przetakiewicz,18099
2018,11,922,Sławek Uniatowski,17487
2018,11,960,Zbigniew Korpolewski,17178
2019,1,12,Irena Dziedzic,164317
2019,1,30,Janusz Kozioł,93144
2019,1,88,Linia kolejowa nr 250,53326
2019,1,100,Ludwik Wiśniewski,50529
2019,1,134,Aleksander Milwiw-Baron,44720
2019,1,136,Kortez,44632
2019,1,251,Małgorzata Rozenek-Majdan,33855
2019,1,258,Srebrna (przedsiębiorstwo),33198
2019,1,296,Dorota Szelągowska,31165
2019,1,410,Romuald Dębski,27322
2019,1,554,Lista odcinków serialu Świat według Kiepskich,23125
2019,1,687,Adrianna Borek,20890
2019,1,762,Danuta Holecka,19877
2019,1,824,Stopnie naukowe w Polsce,19098
2019,1,842,Lista skoczków narciarskich ze zwycięstwem w Pucharze Świata,18881
2019,1,887,Daleko od szosy,18365
2019,1,904,Sławek Uniatowski,18222
2019,1,934,Iloczyn,17965
2019,1,938,Tomasz Kammel,17884
2019,1,957,Zima stulecia,17765
2019,1,959,Kabaret Nowaki,17744
2019,1,977,Bogusław Leśnodorski (ur. 1975),17616
2019,2,8,Burzan,143058
2019,2,26,Marta Olszewska,81445
2019,2,77,Lista skoczków narciarskich ze zwycięstwem w Pucharze Świata,48945
2019,2,81,Zakochani po uszy,48617
2019,2,86,Linia kolejowa nr 250,46353
2019,2,117,Aleksander Milwiw-Baron,40186
2019,2,176,Tadeusz Kraśko,33616
2019,2,188,Lista Macierewicza,32415
2019,2,196,Włodarz (funkcja),32072
2019,2,199,Rinke Rooyens,31703
2019,2,206,Joanna Przetakiewicz,31319
2019,2,224,Srebrna (przedsiębiorstwo),30287
2019,2,229,Kortez,30057
2019,2,291,Kazimierz Kujda,26373
2019,2,302,Gliniarze (serial telewizyjny),26001
2019,2,309,Andrzej Banasiak,25810
2019,2,345,Wybory do Parlamentu Europejskiego w Polsce,24849
2019,2,384,Lista odcinków serialu Świat według Kiepskich,23870
2019,2,480,Tomasz Drzyzga,21780
2019,2,494,Edyta Lewandowska (dziennikarka),21534
2019,2,497,Tomasz Kammel,21458
2019,2,586,Jacek Dubois,19779
2019,2,612,Dorota Szelągowska,19247
2019,2,647,Tamara Gonzalez Perea,18940
2019,2,675,Zuzanna Falzmann,18525
2019,2,711,Hell’s Kitchen. Piekielna kuchnia,18037
2019,2,781,Reprezentacja Polski w skokach narciarskich,17081
2019,2,811,Stopnie naukowe w Polsce,16761
2019,2,933,Nina Terentiew,15652
2019,2,939,Iloczyn,15619
2019,2,959,Danuta Holecka,15397
2019,4,6,Sławomir Broniarz,138428
2019,4,63,Aleksander Milwiw-Baron,51106
2019,4,80,Dorota Szelągowska,44713
2019,4,138,Sławek Uniatowski,36043
2019,4,149,Wojciech Kudelski,34758
2019,4,167,Wojciech Mann,32489
2019,4,233,Tamara Gonzalez Perea,28603
2019,4,264,Sprawiedliwi – Wydział Kryminalny,26492
2019,4,278,Dance Dance Dance,26034
2019,4,284,Robert Kupisz,25893
2019,4,306,Remigiusz Wierzgoń,25031
2019,4,355,Lista odcinków serialu Świat według Kiepskich,23398
2019,4,376,Agata Młynarska,22791
2019,4,453,Awans zawodowy nauczycieli,20744
2019,4,499,Kortez,19967
2019,4,500,Jolanta Wołłejko,19967
2019,4,513,Jan Kliment (tancerz),19662
2019,4,530,Wybory do Parlamentu Europejskiego w Polsce,19381
2019,4,574,Notre Dame,18686
2019,4,641,Otwarty fundusz emerytalny,17771
2019,4,673,Zakochani po uszy,17348
2019,4,734,Joanna Przetakiewicz,16551
2019,4,735,Europa da się lubić,16534
2019,4,772,Stanisław Lilpop,16054
2019,4,810,Adam Maciejewski (chirurg),15741
2019,4,823,Hell’s Kitchen. Piekielna kuchnia,15574
2019,4,901,Agnieszka Woźniak-Starak,14829
2019,4,920,Jerzy Zięba,14598
2019,4,975,Stanisław Karpiel-Bułecka,14254
2019,4,981,Tomasz Działowy,14206
2019,5,27,Eugeniusz Makulski,92566
2019,5,40,Wybory do Parlamentu Europejskiego w Polsce,78735
2019,5,59,Franciszek Cybula,63713
2019,5,89,Liberté!,53546
2019,5,120,Tomasz Działowy,47470
2019,5,155,Okręgi wyborcze do Parlamentu Europejskiego w Polsce,42434
2019,5,175,Piotr Wawrzyńczak,39491
2019,5,212,Tamara Gonzalez Perea,36441
2019,5,231,Lewica Razem,35565
2019,5,237,Dorota Szelągowska,35006
2019,5,266,Aleksander Milwiw-Baron,33131
2019,5,369,Tercet Egzotyczny,28551
2019,5,375,Jan Kliment (tancerz),28473
2019,5,402,Sławek Uniatowski,27391
2019,5,446,Sprawiedliwi – Wydział Kryminalny,26302
2019,5,450,KORWiN,26232
2019,5,474,Zwierzęta objęte ścisłą ochroną gatunkową w Polsce (2014–2017),25534
2019,5,535,Akop Szostak,23733
2019,5,577,Innowacja językowa,22758
2019,5,596,Lista odcinków serialu Świat według Kiepskich,22513
2019,5,637,Władysław Teofil Bartoszewski,21676
2019,5,663,Maria Sadowska,21319
2019,5,679,Małgorzata Rozenek-Majdan,21055
2019,5,756,Zakochani po uszy,19922
2019,5,783,Europa da się lubić,19657
2019,5,883,Michał Chorosiński,18399
2019,5,889,Jerzy Zięba,18262
2019,5,963,Zbigniew Dziewiątkowski,17530
2019,6,93,Sławek Uniatowski,44055
2019,6,108,Filip Nivette,40324
2019,6,121,Joanna Przetakiewicz,38442
2019,6,183,Defekacja,31863
2019,6,223,Felicjan Andrzejczak,28770
2019,6,266,Rinke Rooyens,26627
2019,6,275,Kortez,26273
2019,6,301,Bożena Wahl,24946
2019,6,377,Małgorzata Rozenek-Majdan,22066
2019,6,380,Joszko Broda,22010
2019,6,387,Aleksander Milwiw-Baron,21744
2019,6,518,Krzysztof Piasecki,18697
2019,6,523,Kali (raper),18637
2019,6,546,Red (raper),18281
2019,6,583,Lista odcinków serialu Świat według Kiepskich,17673
2019,6,701,Dawka promieniowania,16285
2019,6,764,Stopnie naukowe w Polsce,15524
2019,6,772,Dorota Szelągowska,15468
2019,6,783,Andrzej Banasiak,15358
2019,6,784,Tadeusz Sznuk,15327
2019,6,786,Janusz Trela,15300
2019,6,873,KęKę,14617
2019,6,883,Dorota Kwiatkowska,14547
2019,6,893,Zbigniew Nowek,14459
2019,6,964,Osadnik Gajówka,13870
2019,7,14,Kolaudacja,101004
2019,7,189,Adrianna Borek,29316
2019,7,230,Sławomir Świerzyński,27302
2019,7,288,Kortez,25055
2019,7,296,Kabaret Nowaki,24873
2019,7,334,Rinke Rooyens,23513
2019,7,353,Joanna Przetakiewicz,22898
2019,7,360,Falandyzacja prawa,22568
2019,7,378,Małgorzata Rozenek-Majdan,22293
2019,7,379,Tadeusz Sznuk,22241
2019,7,443,Tomasz Kammel,20734
2019,7,475,W11 – Wydział Śledczy,20044
2019,7,482,Lista odcinków serialu Świat według Kiepskich,19926
2019,7,505,Milano (zespół muzyczny),19429
2019,7,572,Kali (raper),18348
2019,7,628,Tamara Gonzalez Perea,17435
2019,7,668,Aleksander Milwiw-Baron,16897
2019,7,714,Wykaz ras psów agresywnych,16374
2019,7,751,Dylan i Cole Sprouse,16015
2019,7,819,Gliniarze (serial telewizyjny),15255
2019,7,820,Sebastian Riedel,15243
2019,7,846,KęKę,14933
2019,7,872,Dorota Szelągowska,14660
2019,7,892,Cykl Inkwizytorski,14499
2019,7,924,Sławek Uniatowski,14159
2019,7,943,Projekt Lady,13925
2019,8,1,Agnieszka Woźniak-Starak,770389
2019,8,2,Piotr Woźniak-Starak,596877
2019,8,10,Tęczowy Music Box,192185
2019,8,15,Anna Woźniak-Starak,143845
2019,8,23,Maria Sadowska,106025
2019,8,33,Krzyż na Giewoncie,77697
2019,8,35,Liliana Urbańska,73338
2019,8,53,Sławomir Świerzyński,57217
2019,8,130,Andrzej Rosiewicz,38870
2019,8,210,Chada,31409
2019,8,219,Mejk,31052
2019,8,247,Małgorzata Rozenek-Majdan,29271
2019,8,267,Oczyszczalnia Ścieków „Czajka”,28199
2019,8,306,Aleksander Milwiw-Baron,26724
2019,8,307,Piękni i Młodzi,26696
2019,8,318,Milano (zespół muzyczny),26184
2019,8,324,Łukasz Piebiak,25953
2019,8,374,Sławek Uniatowski,23813
2019,8,391,Jacek Zieliński (muzyk),23265
2019,8,398,Lista odcinków serialu Świat według Kiepskich,23099
2019,8,406,Joszko Broda,22874
2019,8,431,Wanda Kwietniewska,22208
2019,8,445,Okręgi wyborcze do Sejmu Rzeczypospolitej Polskiej,21946
2019,8,448,Tęcza (zespół muzyczny),21786
2019,8,450,Andrzej Buszewicz,21764
2019,8,466,Kortez,21424
2019,8,533,Sebastian Riedel,20152
2019,8,555,Joanna Przetakiewicz,19592
2019,8,621,Olivier Janiak,18240
2019,8,643,Wykaz ras psów agresywnych,17980
2019,8,657,Mariusz Zielke,17892
2019,8,663,Anna Wesołowska,17798
2019,8,670,Felicjan Andrzejczak,17735
2019,8,673,Oddział Zamknięty,17700
2019,8,700,Maja Frykowska,17270
2019,8,720,Maria Czubaszek,17082
2019,8,753,Gliniarze (serial telewizyjny),16688
2019,8,785,Kazimierz Orzechowski (duchowny),16382
2019,8,812,Pasierb,16163
2019,8,895,Wojciech Mann,15205
2019,8,902,Classic,15170
2019,8,933,Grotołaz,14840
2019,8,936,Tomasz Kammel,14804
2019,8,946,Aleksander Pałac,14720
2019,8,965,Osadnik Gajówka,14582
2019,9,35,Chada,73100
2019,9,51,Agnieszka Woźniak-Starak,62131
2019,9,63,Piotr Woźniak-Starak,55090
2019,9,101,Krzysztof Kalczyński,45308
2019,9,114,Ewelina Ruckgaber,42939
2019,9,120,Anna Wesołowska,42360
2019,9,152,Aleksander Milwiw-Baron,39449
2019,9,181,Love Island. Wyspa miłości,36001
2019,9,246,Magdalena Scholl,32224
2019,9,268,Sprawa zabójstwa Krzysztofa Olewnika,31091
2019,9,287,Zawsze warto,30260
2019,9,296,Maria Sadowska,30032
2019,9,363,Akop Szostak,26590
2019,9,376,Partia obrotowa,26162
2019,9,407,Oczyszczalnia Ścieków „Czajka”,24987
2019,9,420,Kortez,24472
2019,9,453,Joszko Broda,23520
2019,9,493,Anna Woźniak-Starak,22552
2019,9,519,Joanna Lazer,21888
2019,9,534,Lista odcinków serialu Świat według Kiepskich,21573
2019,9,545,Alan Andersz,21367
2019,9,589,Iloczyn,20422
2019,9,644,Anna Kalczyńska,19374
2019,9,655,Strzelanina w Magdalence,19201
2019,9,658,Gliniarze (serial telewizyjny),19139
2019,9,681,Liliana Urbańska,18745
2019,9,683,Tomasz Kammel,18729
2019,9,737,Jerzy Dominik,18048
2019,9,772,Ninja Warrior Polska,17505
2019,9,803,KęKę,17033
2019,9,841,Inflacja w Polsce,16678
2019,9,844,Małgorzata Rozenek-Majdan,16668
2019,9,872,Zakochani po uszy,16450
2019,9,909,Okręgi wyborcze do Sejmu Rzeczypospolitej Polskiej,16182
2019,9,954,Kamienie na szaniec,15706
2019,9,959,Joanna Przetakiewicz,15631
2019,10,144,Alan Andersz,43949
2019,10,164,KORWiN,41066
2019,10,174,Fame MMA,40263
2019,10,195,Chada,38726
2019,10,197,Ewelina Ruckgaber,38497
2019,10,249,Rinke Rooyens,34591
2019,10,256,Love Island. Wyspa miłości,34336
2019,10,274,Dzień Edukacji Narodowej,33432
2019,10,316,"Felix, Net i Nika oraz Gang Niewidzialnych Ludzi",30794
2019,10,333,Dorota Szelągowska,30193
2019,10,370,Sejm Rzeczypospolitej Polskiej VIII kadencji,28634
2019,10,410,Formacja Chatelet,27456
2019,10,434,Rafał Wójcikowski,26445
2019,10,437,Aleksander Milwiw-Baron,26347
2019,10,474,Okręgi wyborcze do Sejmu Rzeczypospolitej Polskiej,25062
2019,10,486,Zakochani po uszy,24795
2019,10,502,Bernadeta Krynicka,24223
2019,10,542,Michał Pałubski,23403
2019,10,565,Władysław Teofil Bartoszewski,22945
2019,10,639,Iloczyn,21267
2019,10,640,Stopnie naukowe w Polsce,21230
2019,10,701,Pracownicze plany kapitałowe,20055
2019,10,743,Zawsze warto,19448
2019,10,757,Nupturient,19324
2019,10,784,Lista odcinków serialu Świat według Kiepskich,19005
2019,10,819,Mowa ptaków,18674
2019,10,826,Akop Szostak,18569
2019,10,908,Sprawiedliwi – Wydział Kryminalny,17708
2019,10,937,Inflacja w Polsce,17310
2019,10,946,Kortez,17235
2019,11,2,Chada,282953
2019,11,14,Stanisław Zubrzycki,125334
2019,11,99,Elżbieta Chojna-Duch,51252
2019,11,224,Rinke Rooyens,34313
2019,11,231,Żmijowisko,33619
2019,11,234,Aleksander Milwiw-Baron,33473
2019,11,245,Jakub Bartczak,32920
2019,11,320,Krzysztof Hulboj,29131
2019,11,326,Dariusz Krupa,28949
2019,11,357,Fame MMA,27448
2019,11,370,Ewelina Ruckgaber,26866
2019,11,378,Bogdan Łyszkiewicz,26574
2019,11,384,Tymek,26349
2019,11,503,Zakochani po uszy,23208
2019,11,505,Sprawiedliwi – Wydział Kryminalny,23196
2019,11,521,Sławek Uniatowski,22898
2019,11,617,Borys Mańkowski,20901
2019,11,668,Zawsze warto,20042
2019,11,688,Dorota Szelągowska,19816
2019,11,766,Stopnie naukowe w Polsce,18823
2019,11,797,Lista odcinków serialu Świat według Kiepskich,18301
2019,11,842,Jacek Jeschke,17788
2019,11,887,Piotr Woźniak-Starak,17236
2019,11,949,"Felix, Net i Nika oraz Gang Niewidzialnych Ludzi",16611
2020,1,21,Krzysztof Leski,114804
2020,1,49,Jak zostałem gangsterem. Historia prawdziwa,80527
2020,1,96,Jan Dąbrowski (bloger),58970
2020,1,150,Piękni i Młodzi,46737
2020,1,179,Agnieszka Jaskółka,42073
2020,1,233,Lista skoczków narciarskich ze zwycięstwem w Pucharze Świata,35901
2020,1,240,Marcin Matczak,35535
2020,1,251,Aleksander Milwiw-Baron,34957
2020,1,341,Anna Wesołowska,29866
2020,1,434,Reprezentacja Polski w skokach narciarskich,26283
2020,1,457,Andrzej Banasiak,25669
2020,1,511,Tymek,24132
2020,1,522,Jerzy Zięba,23789
2020,1,550,Małgorzata Rozenek-Majdan,23214
2020,1,558,Grzegorz Jędrejek,23149
2020,1,641,Inflacja w Polsce,21658
2020,1,662,Va banque (teleturniej),21235
2020,1,665,Milano (zespół muzyczny),21215
2020,1,691,Stopnie naukowe w Polsce,20853
2020,1,697,Denominacja złotego w 1995 roku,20734
2020,1,699,Halina Paszkowska-Turska,20710
2020,1,753,Lista odcinków serialu Świat według Kiepskich,19686
2020,1,789,Adam Maciejewski (chirurg),19238
2020,1,790,Chada,19234
2020,1,889,Joanna Przetakiewicz,18087
2020,1,944,Dorota Szelągowska,17551
2020,2,26,Jolanta Turczynowicz-Kieryłło,96134
2020,2,76,Ewa Greś,55616
2020,2,98,Aleksander Milwiw-Baron,49373
2020,2,157,Felicjan Andrzejczak,38134
2020,2,158,Halina Lichocka,38082
2020,2,207,Kasia Dereń,33532
2020,2,254,Jan Dąbrowski (bloger),29641
2020,2,271,Zuzanna Falzmann,28604
2020,2,279,Romuald Czystaw,28361
2020,2,290,Jerzy Zięba,27873
2020,2,299,Lista członków zespołu Budka Suflera,27465
2020,2,313,Wybory prezydenckie w Polsce w 2020 roku,26786
2020,2,392,Małgorzata Rozenek-Majdan,24152
2020,2,437,Tomasz Zeliszewski,22918
2020,2,547,"Jolka, Jolka pamiętasz",20609
2020,2,583,Stopnie naukowe w Polsce,20112
2020,2,599,Chada,19697
2020,2,614,Mieczysław Jurecki,19419
2020,2,665,Robert Żarczyński,18592
2020,2,671,Inflacja w Polsce,18506
2020,2,676,Lista odcinków serialu Świat według Kiepskich,18372
2020,2,739,Tamara Gonzalez Perea,17412
2020,2,745,Joanna Przetakiewicz,17384
2020,2,756,Skurwysyn,17189
2020,2,800,Marek Dutkiewicz,16814
2020,2,827,Dance Dance Dance,16501
2020,2,872,Tymek,16099
2020,2,914,Tomasz Kammel,15766
2020,2,945,Marcin Matczak,15442
2020,2,948,Adriana Kalska,15394
2020,3,7,Chada,398293
2020,3,44,Andrzej Śliwak,109079
2020,3,57,Wojciech Mann,88302
2020,3,77,Ursus C-330,78300
2020,3,98,Stan nadzwyczajny,67071
2020,3,105,Anna Gacek,65761
2020,3,159,Rafał Olbrychski,51005
2020,3,166,Dariusz Niebudek,50188
2020,3,204,Iloczyn,44318
2020,3,209,Jerzy Zięba,43799
2020,3,214,Aleksander Milwiw-Baron,43384
2020,3,265,Wybory prezydenckie w Polsce w 2020 roku,38531
2020,3,283,Herb Gryfic,37508
2020,3,284,Dance Dance Dance,37429
2020,3,307,Jakub Bartczak,35712
2020,3,380,Dorota Szelągowska,32488
2020,3,381,Tamara Gonzalez Perea,32482
2020,3,427,Robert Kupisz,30390
2020,3,501,Fame MMA,27447
2020,3,508,Kostek Joriadis,27156
2020,3,595,Kamienie na szaniec,24691
2020,3,603,Maska antysmogowa,24524
2020,3,606,Lista odcinków serialu Świat według Kiepskich,24373
2020,3,616,Przemysław Cypryański,24194
2020,3,650,Marek Lehnert,23528
2020,3,739,Horacjanizm,21781
2020,3,759,Niebieska Karta (procedura),21559
2020,3,760,Wojciech Rokita,21544
2020,3,795,Alan Andersz,21143
2020,3,798,The Four. Bitwa o sławę,21126
2020,3,800,Sprawiedliwi – Wydział Kryminalny,21108
2020,3,884,Małgorzata Rozenek-Majdan,20156
2020,3,966,Zawsze warto,19003
2020,3,973,Tomasz Oświeciński,18925
2020,4,38,Chada,108409
2020,4,43,Wiktor Bater,100072
2020,4,118,Ewa Żarska,64568
2020,4,119,Stan nadzwyczajny,63934
2020,4,172,Wybory prezydenckie w Polsce w 2020 roku,54850
2020,4,221,Kamil Zaradkiewicz,47235
2020,4,301,Jerzy Zięba,39662
2020,4,309,Joanna Przetakiewicz,39089
2020,4,342,Iloczyn,37486
2020,4,369,Hotel Paradise,36296
2020,4,421,Dorota Szelągowska,33987
2020,4,444,Andrzej Adamiak,32882
2020,4,448,Piotr Patkowski,32685
2020,4,554,Edward Miszczak,29042
2020,4,621,Aleksander Milwiw-Baron,27046
2020,4,680,Zwierzęta objęte ścisłą ochroną gatunkową w Polsce (2014–2017),25942
2020,4,700,Anna Chałupa,25504
2020,4,702,Andrzej Mrozek,25453
2020,4,849,Deklinacja w języku polskim,23120
2020,4,864,Lista odcinków serialu Świat według Kiepskich,22944
2020,4,881,Rinke Rooyens,22677
2020,4,890,Jak zostałem gangsterem. Historia prawdziwa,22552
2020,4,891,Koronka do Miłosierdzia Bożego,22549
2020,4,893,Adam Mazguła,22533
2020,4,914,Tamara Gonzalez Perea,22358
2020,4,992,Rezerwat (zespół muzyczny),21366
2020,5,20,Wybory prezydenckie w Polsce w 2020 roku,127202
2020,5,55,Marcin Matczak,82903
2020,5,64,Kamil Zaradkiewicz,77605
2020,5,67,Hot16Challenge,77031
2020,5,135,Aleksander Stępkowski,56119
2020,5,140,Włodzimierz Wróbel,54996
2020,5,161,Chada,52810
2020,5,191,Zwierzęta objęte ścisłą ochroną gatunkową w Polsce (2014–2017),49749
2020,5,202,Andrzej Bizoń,48456
2020,5,259,Jakub Strzyczkowski,42815
2020,5,263,Wojciech Mann,42551
2020,5,356,Pierwszy Prezes Sądu Najwyższego,36206
2020,5,410,Piotr Kaczkowski,33482
2020,5,495,Piotr Ferster,30398
2020,5,549,Małgorzata Rozenek-Majdan,28771
2020,5,561,Polska czerwona księga zwierząt,28414
2020,5,576,Dorota Szelągowska,28016
2020,5,655,Polska czerwona księga roślin,26280
2020,5,710,Marian Lichtman,25307
2020,5,741,Jessica Mercedes Kirschner,24753
2020,5,747,Marcin Kydryński,24559
2020,5,797,KORWiN,23710
2020,5,801,Historia Polski (do 1138),23650
2020,5,820,Kształtowanie się granic II Rzeczypospolitej,23420
2020,5,835,Osadnik Gajówka,23191
2020,5,839,Klocuch,23180
2020,5,840,Deklinacja w języku polskim,23163
2020,5,849,Gliniarze (serial telewizyjny),23022
2020,5,886,Vox (zespół muzyczny),22597
2020,5,888,Ślub od pierwszego wejrzenia,22584
2020,5,913,Lista odcinków serialu Świat według Kiepskich,22319
2020,5,945,Rinke Rooyens,22053
2020,6,30,Jak zostałem gangsterem. Historia prawdziwa,90461
2020,6,51,Wybory prezydenckie w Polsce w 2020 roku (pierwsze),66162
2020,6,59,Wybory prezydenckie w Polsce w 2020 roku,59344
2020,6,72,Małgorzata Rozenek-Majdan,54145
2020,6,94,Jarosław Sokołowski (gangster),46746
2020,6,105,Jakub Wons,44141
2020,6,123,W głębi lasu,41838
2020,6,124,Nicole Sochacki-Wójcicka,41545
2020,6,127,Osadnik Gajówka,40798
2020,6,134,Chada,39947
2020,6,257,Piotr Ferster,29416
2020,6,346,Egzamin maturalny,24935
2020,6,351,Magdalena Korzekwa-Kaliszuk,24749
2020,6,379,Antifa w Polsce,23755
2020,6,400,Joanna Przetakiewicz,23140
2020,6,408,KORWiN,22943
2020,6,415,Jan Śpiewak (działacz społeczny),22786
2020,6,430,Rinke Rooyens,22369
2020,6,436,Hot16Challenge,22264
2020,6,540,Lista odcinków serialu Świat według Kiepskich,20462
2020,6,548,Ryszard Adamus,20317
2020,6,581,Jolka (krzyżówka),19789
2020,6,628,Bronisław Trzaskowski,19213
2020,6,671,Stopnie naukowe w Polsce,18495
2020,6,675,Przemysław Kossakowski,18416
2020,6,686,Boże Ciało,18266
2020,6,726,Danuta Holecka,17623
2020,6,774,Wykaz ras psów agresywnych,17131
2020,6,814,Firmanctwo,16625
2020,6,859,Deklinacja w języku polskim,16144
2020,6,865,Szkolna skala ocen w Polsce,16118
2020,6,911,Zwierzęta objęte ścisłą ochroną gatunkową w Polsce (2014–2017),15698
2020,6,941,Egzamin ósmoklasisty,15412
2020,6,973,Partia obrotowa,15198
2020,7,6,Sławomir Nowak,176686
2020,7,25,Dariusz Zawadka,87968
2020,7,86,Paulina Andrzejewska,44503
2020,7,93,Wybory prezydenckie w Polsce w 2020 roku (pierwsze),44248
2020,7,136,Paweł Wroński,36137
2020,7,175,Ewa Milde-Prus,32074
2020,7,181,Piotr Natanek,31796
2020,7,183,Chada,31665
2020,7,193,Adam Pieczyński,30680
2020,7,197,Piotr Ferster,30493
2020,7,211,Stanisław Karpiel-Bułecka,29567
2020,7,270,Milano (zespół muzyczny),25976
2020,7,352,Piotr Patkowski,23196
2020,7,357,Jacek Czyż,23118
2020,7,393,Borys Mańkowski,21938
2020,7,411,Michał Giercuszkiewicz,21441
2020,7,425,KORWiN,20950
2020,7,433,Jarosław Sokołowski (gangster),20603
2020,7,449,Danuta Holecka,20276
2020,7,472,Wykaz ras psów agresywnych,19699
2020,7,490,Jolanta Pieńkowska,19352
2020,7,550,Jolka (krzyżówka),18434
2020,7,570,Jak zostałem gangsterem. Historia prawdziwa,18078
2020,7,601,Wybory prezydenckie w Polsce w 2020 roku,17515
2020,7,630,Lista odcinków serialu Świat według Kiepskich,17164
2020,7,655,Osadnik Gajówka,16893
2020,7,670,Michał Wójcik (komik),16707
2020,7,722,Sergiusz Fabian Sawicki,16000
2020,7,724,Inflacja w Polsce,15963
2020,7,750,Stopnie naukowe w Polsce,15750
2020,7,752,Fame MMA,15743
2020,7,776,Dorota Szelągowska,15574
2020,7,783,Małgorzata Rozenek-Majdan,15473
2020,7,787,Marcin Wrzosek,15448
2020,7,836,Łukasz Rybarski,14878
2020,7,874,Bronisław Trzaskowski,14609
2020,7,962,Zenek,13890
2020,8,58,Piotr Patkowski,52941
2020,8,86,Wanda Buk,42488
2020,8,115,Oczyszczalnia Ścieków „Czajka”,38750
2020,8,167,Chada,32500
2020,8,177,Fame MMA,31622
2020,8,233,Przełomowe bitwy w historii świata,28072
2020,8,235,Małgorzata Halber,27894
2020,8,281,Piękni i Młodzi,25672
2020,8,331,Wykaz ras psów agresywnych,23290
2020,8,357,Milano (zespół muzyczny),22500
2020,8,381,Tamara Gonzalez Perea,22183
2020,8,387,Dorota Szelągowska,22133
2020,8,427,Piotr Woźniak-Starak,20988
2020,8,436,Marian Ziółkowski,20760
2020,8,452,Osadnik Gajówka,20391
2020,8,499,Przemysław Kossakowski,19250
2020,8,517,Agnieszka Woźniak-Starak,18769
2020,8,518,Gliniarze (serial telewizyjny),18746
2020,8,561,Sławomir Świerzyński,18113
2020,8,570,Maja Popielarska,17995
2020,8,595,Dyskografia Ewy Demarczyk,17763
2020,8,702,Lista najwyższych szczytów górskich w Polsce,16331
2020,8,708,Classic,16261
2020,8,713,Jerzy Kalibabka,16224
2020,8,724,Aleksander Milwiw-Baron,16068
2020,8,725,Jolka (krzyżówka),16065
2020,8,726,Sprawiedliwi – Wydział Kryminalny,16058
2020,8,752,Lista odcinków serialu Świat według Kiepskich,15890
2020,8,777,Jolanta Pieńkowska,15592
2020,8,890,Elwira Mejk,14457
2020,8,973,Jarosław Sokołowski (gangster),13764
2020,8,979,Stopnie naukowe w Polsce,13714
2020,10,19,Agnieszka Fatyga,122378
2020,10,59,Jerzy Kalibabka,68695
2020,10,60,Dorota Kawęcka,68179
2020,10,86,Aleksander Milwiw-Baron,55276
2020,10,101,Przemysław Kossakowski,52231
2020,10,106,Arnold Boczek,50826
2020,10,121,Protesty przeciwko zaostrzeniu przepisów dotyczących aborcji w Polsce,48583
2020,10,128,Dzień Edukacji Narodowej,46056
2020,10,130,Antifa w Polsce,45800
2020,10,168,Dorota Szelągowska,41537
2020,10,191,Małgorzata Domagalik,38846
2020,10,192,Joanna Przetakiewicz,38794
2020,10,216,Rinke Rooyens,36536
2020,10,245,Stan nadzwyczajny,34552
2020,10,250,Love Island. Wyspa miłości,33890
2020,10,263,Hotel Paradise,33039
2020,10,284,Michał Kempa,32171
2020,10,287,Fame MMA,31956
2020,10,297,Chada,31485
2020,10,299,Grupy Szturmowe,31265
2020,10,374,Wykaz ras psów agresywnych,27677
2020,10,474,Stopnie naukowe w Polsce,24327
2020,10,480,Antoni Pszoniak,24175
2020,10,491,Kamila Boruta,23842
2020,10,492,Stan wojenny w Polsce,23838
2020,10,548,Lista odcinków serialu Świat według Kiepskich,22727
2020,10,603,Kamienie na szaniec,21691
2020,10,657,Deklinacja w języku polskim,20659
2020,10,677,Molesta Ewenement,20373
2020,10,693,Karol Dziuba,20218
2020,10,701,Marian Paździoch,20052
2020,10,724,Paweł Rozwadowski,19708
2020,10,804,Ninja Warrior Polska,18520
2020,10,809,Grzmot (symbol),18469
2020,10,814,Królestwo kobiet,18437
2020,10,834,Wojciech Mann,18204
2020,10,848,"Felix, Net i Nika oraz Gang Niewidzialnych Ludzi",18068
2020,10,886,Jolanta Pieńkowska,17715
2020,10,905,Sprawiedliwi – Wydział Kryminalny,17473
2020,10,917,Jerzy Błaszczyk,17334
2020,10,982,Zakochani po uszy,16744
2020,11,33,Fame MMA,136850
2020,11,113,Piotr Patkowski,62036
2020,11,149,Protesty przeciwko zaostrzeniu przepisów dotyczących aborcji w Polsce,52590
2020,11,200,Agnieszka Fatyga,44568
2020,11,263,Hotel Paradise,40378
2020,11,270,Gambit królowej,40105
2020,11,279,Aleksander Milwiw-Baron,39770
2020,11,284,Sławomir Świerzyński,39593
2020,11,310,Antifa w Polsce,37901
2020,11,331,Dorota Szelągowska,36862
2020,11,401,Chada,33825
2020,11,424,Jerzy Kalibabka,32866
2020,11,435,Kamienie na szaniec,32537
2020,11,459,Wielka improwizacja,31566
2020,11,524,Filip Gurłacz,29527
2020,11,589,Dziady część II,28154
2020,11,765,Deklinacja w języku polskim,23899
2020,11,824,Czasowniki modalne w języku niemieckim,23066
2020,11,867,Wykaz ras psów agresywnych,22629
2020,11,897,Tomasz Kammel,22202
2020,11,904,Gustaw (Dziady),22087
2020,11,915,Ludzie i bogowie,21959
2020,11,926,Błażej Król,21891
2020,11,930,Lista odcinków serialu Świat według Kiepskich,21855
2020,11,944,Trawienie u człowieka,21712
2020,11,970,Wiktor Bater,21258
2021,1,21,Złomowisko PL,163188
2021,1,45,Lista skoczków narciarskich ze zwycięstwem w Pucharze Świata,94662
2021,1,78,Marta Przybora,70856
2021,1,100,Roman Frankl,60486
2021,1,131,Reprezentacja Polski w skokach narciarskich,51870
2021,1,156,Kamila Sammler,49090
2021,1,168,Monique Lehman,47866
2021,1,205,Wiktor Osiecki,44054
2021,1,210,Fame MMA,43521
2021,1,226,Edward Miszczak,41214
2021,1,251,Maja Frykowska,38884
2021,1,254,Marian Paździoch,38623
2021,1,291,Chada,36104
2021,1,335,Ewa Maria Morelle,33536
2021,1,364,Jacek Zejdler,32200
2021,1,368,Vox (zespół muzyczny),32117
2021,1,398,Zima stulecia,30761
2021,1,481,Artur Bartłomiej Chmielewski,27725
2021,1,505,Marta Manowska,27145
2021,1,522,Jerzy Zięba,26701
2021,1,549,Zbigniew Gaciong,26060
2021,1,560,Lista odcinków serialu Świat według Kiepskich,25885
2021,1,586,Mariusz Czajka,25342
2021,1,647,Radosław Kotarski,24187
2021,1,682,Przemysław Kossakowski,23467
2021,1,722,Wojciech Wieteska,22663
2021,1,723,Małgorzata Rozenek-Majdan,22590
2021,1,729,Milano (zespół muzyczny),22558
2021,1,771,Maciej Zięba (dominikanin),21878
2021,1,794,Jan Śpiewak (działacz społeczny),21538
2021,1,812,Zenek,21195
2021,1,824,Dorota Szelągowska,21021
2021,1,918,Wojciech Mann,19936
2021,1,921,Zakochani po uszy,19899
2021,2,20,Fame MMA,98414
2021,2,169,Klątwa (dramat),40227
2021,2,198,Molesta Ewenement,37143
2021,2,276,Piotr Suchora,32318
2021,2,372,Polscy medaliści zimowych igrzysk olimpijskich,28068
2021,2,379,Chada,27776
2021,2,478,Lista odcinków serialu Świat według Kiepskich,25004
2021,2,493,Czasowniki modalne w języku niemieckim,24722
2021,2,516,Radosław Kotarski,24242
2021,2,562,Rolnictwo w Afryce,23472
2021,2,573,Elżbieta Kowalewska,23226
2021,2,625,Dorota Szelągowska,22435
2021,2,692,Małgorzata Rozenek-Majdan,21209
2021,2,702,Kamienie na szaniec,21026
2021,2,703,Wielka improwizacja,21010
2021,2,717,Zima stulecia,20766
2021,2,790,Reprezentacja Polski w skokach narciarskich,19813
2021,2,816,Przemysław Kossakowski,19337
2021,2,848,Marcin Matczak,18950
2021,2,858,Tomasz Kammel,18864
2021,2,879,Deklinacja w języku polskim,18641
2021,2,886,Hotel Paradise,18551
2021,2,921,Stopnie naukowe w Polsce,18288
2021,2,975,Jacek Janczarski,17819
2021,2,990,Dance Dance Dance,17670
2021,3,5,Fame MMA,248216
2021,3,48,Ewa Mirowska,75421
2021,3,99,Love Island. Wyspa miłości,55216
2021,3,108,Beata Fudalej,53943
2021,3,138,Dance Dance Dance,49608
2021,3,238,Chada,39658
2021,3,247,Radosław Kotarski,38666
2021,3,314,Czasowniki modalne w języku niemieckim,34409
2021,3,315,Hotel Paradise,34394
2021,3,368,Aleksander Milwiw-Baron,31898
2021,3,403,Marcin Matczak,30504
2021,3,485,Piotr Semka,27977
2021,3,496,Lista odcinków programu Twoja twarz brzmi znajomo,27726
2021,3,509,Rafał Fudalej,27345
2021,3,649,Piotr Patkowski,24110
2021,3,679,Zofia Paryła,23475
2021,3,690,Agata Wątróbska,23275
2021,3,702,Natalia Niemen,23147
2021,3,770,Małgorzata Niemen,22092
2021,3,800,Przemysław Kossakowski,21629
2021,3,804,Lista odcinków serialu Świat według Kiepskich,21592
2021,3,820,Kamienie na szaniec,21349
2021,3,895,Piotr Majewski (ur. 1962),20157
2021,3,907,Sylwester Wardęga,20040
2021,3,927,Ninja Warrior Polska,19839
2021,3,969,Wielka improwizacja,19354
2021,4,14,Ekipa Friza,172308
2021,4,53,Marcin Matczak,75743
2021,4,55,Fame MMA,73501
2021,4,57,Dyskografia Krzysztofa Krawczyka,72547
2021,4,71,Mikołaj Müller,67694
2021,4,77,Marian Lichtman,65289
2021,4,150,Andrzej Kosmala,47548
2021,4,231,Agata Wątróbska,38870
2021,4,235,Hotel Paradise,38690
2021,4,256,Love Island. Wyspa miłości,36882
2021,4,265,Strój kociewski,36411
2021,4,309,Dance Dance Dance,33664
2021,4,337,Sławomir Nowak,31980
2021,4,355,Sławomir Kowalewski (ur. 1946),30988
2021,4,380,Tadeusz Sznuk,29966
2021,4,386,Dorota Szelągowska,29613
2021,4,438,Wykaz ras psów agresywnych,27977
2021,4,439,Czasowniki modalne w języku niemieckim,27941
2021,4,447,Lista odcinków programu Twoja twarz brzmi znajomo,27531
2021,4,518,Roman Kluska,25533
2021,4,558,Zwierzęta objęte ścisłą ochroną gatunkową w Polsce (2014–2017),24681
2021,4,565,Łukasz Jurkowski,24602
2021,4,578,Ninja Warrior Polska,24288
2021,4,644,Chada,23052
2021,4,702,Piotr Natanek,22124
2021,4,710,Joanna Przetakiewicz,22013
2021,4,742,Sonia Mietielica,21636
2021,4,809,Przemysław Kossakowski,20489
2021,4,825,Anna Matysiak,20254
2021,4,839,Tomasz Kammel,20082
2021,4,869,Polska czerwona księga zwierząt,19834
2021,4,929,Aleksander Milwiw-Baron,19188
2021,4,930,Lista odcinków serialu Świat według Kiepskich,19159
2021,4,961,Polska czerwona księga roślin,18755
2021,4,967,Stanisław Karpiel-Bułecka,18694
2021,5,9,Fame MMA,173619
2021,5,16,Ekipa Friza,123076
2021,5,169,Marcin Wiącek,37314
2021,5,179,Hotel Paradise,36467
2021,5,203,Jerzy Błaszczyk,34246
2021,5,238,Agata Wątróbska,31939
2021,5,328,Marcin Kindla,27243
2021,5,336,Dance Dance Dance,27032
2021,5,348,Święto Najświętszej Maryi Panny Królowej Polski,26686
2021,5,366,Sławomir Borewicz,26083
2021,5,370,Mateusz Gąsiewski,26019
2021,5,426,Stanisław Karpiel-Bułecka,24529
2021,5,470,Chada,23054
2021,5,479,Dorota Szelągowska,22683
2021,5,481,Lista odcinków programu Twoja twarz brzmi znajomo,22667
2021,5,484,Góry Towarne,22647
2021,5,488,To był rok!,22567
2021,5,489,Edward Miszczak,22557
2021,5,511,Tomasz Torres,22273
2021,5,664,Sprawiedliwi – Wydział Kryminalny,19849
2021,5,685,Czasowniki modalne w języku niemieckim,19459
2021,5,795,Łukasz Jurkowski,18142
2021,5,805,Anna Matysiak,18041
2021,5,867,Radoskór,17427
2021,5,868,Lista odcinków serialu Świat według Kiepskich,17421
2021,5,931,Wykaz ras psów agresywnych,16789
2021,5,956,Józef Papkin,16511
2021,5,961,Leszek Miszczyk,16451
2021,6,41,Ekipa Friza,65673
2021,6,92,Łukasz Jurkowski,44602
2021,6,155,Sylwia Dekiert,36310
2021,6,302,Maria Czubaszek,26639
2021,6,318,Fame MMA,25960
2021,6,398,Historia reprezentacji Polski w piłce nożnej mężczyzn,22644
2021,6,445,Hotel Paradise,21247
2021,6,448,Zbigniew Hałat,21161
2021,6,597,Tadeusz Łapiński (lekarz),18221
2021,6,661,Szkolna skala ocen w Polsce,17060
2021,6,664,Emil Stępień,17018
2021,6,702,Piotr Patkowski,16506
2021,6,821,Lista odcinków serialu Świat według Kiepskich,15017
2021,6,822,Małgorzata Rozenek-Majdan,15009
2021,6,877,Wykaz ras psów agresywnych,14456
2021,6,941,Trąby powietrzne w Polsce,13878
2021,7,24,Ekipa Friza,77861
2021,7,31,Marcin Wiącek,69497
2021,7,82,Przemysław Kossakowski,45498
2021,7,110,Robert Kochanek,41333
2021,7,169,Akop Szostak,34749
2021,7,208,Leszek Benke,31506
2021,7,264,Fame MMA,27762
2021,7,366,Dariusz Zawadka,23236
2021,7,380,Jan Janga-Tomaszewski,22792
2021,7,384,Andrzej Banasiak,22623
2021,7,420,Marcin Matczak,21618
2021,7,432,Dorota Szelągowska,21412
2021,7,452,Milano (zespół muzyczny),20891
2021,7,471,Motyle dzienne Polski,20395
2021,7,503,Paweł Słomiński,19689
2021,7,523,Historyczne tablice rejestracyjne w Polsce,19258
2021,7,552,Lista odcinków serialu Świat według Kiepskich,18857
2021,7,625,Piotr Patkowski,17809
2021,7,683,Zbigniew Hałat,16766
2021,7,696,Spotkanie z Balladą,16633
2021,7,701,Jerzy Błaszczyk,16579
2021,7,726,Jacek Łęski,16295
2021,7,756,Wykaz ras psów agresywnych,15989
2021,7,777,Fundusz Obsługi Zadłużenia Zagranicznego,15829
2021,7,845,Chada,15104
2021,7,900,Numery kierunkowe w Polsce,14524
2021,7,968,Małgorzata Rozenek-Majdan,13951
2021,7,969,Polscy medaliści letnich igrzysk olimpijskich,13945
2021,8,30,Edward Miszczak,81851
2021,8,31,Fame MMA,81087
2021,8,44,Ekipa Friza,68708
2021,8,122,Reasumpcja,43661
2021,8,127,Oddział Zamknięty,43117
2021,8,169,Polscy medaliści letnich igrzysk olimpijskich,37566
2021,8,186,Anna Kornecka (prawnik),36297
2021,8,197,Gabi Drzewiecka,34851
2021,8,236,Jacek Łęski,31791
2021,8,286,Robert Żarczyński,28775
2021,8,299,Robert Kochanek,27924
2021,8,338,Felicjan Andrzejczak,26273
2021,8,389,Borys Mańkowski,24596
2021,8,397,Lista członków zespołu Budka Suflera,24144
2021,8,403,Kortez,23875
2021,8,414,Agnieszka Mrozińska,23176
2021,8,416,Numery kierunkowe w Polsce,23089
2021,8,432,Maciej Balcar,22576
2021,8,529,Emerytura olimpijska,20250
2021,8,558,Marcin Matczak,19835
2021,8,564,Agnieszka Woźniak-Starak,19703
2021,8,585,Marta Cugier,19288
2021,8,596,Chada,19102
2021,8,661,Dominika Gawęda,18327
2021,8,681,Lista odcinków serialu Świat według Kiepskich,18061
2021,8,808,Dorota Szelągowska,16583
2021,8,934,Łukasz Mejza,15145
2021,8,940,Diana Rudnik,15077
2021,8,947,Gliniarze (serial telewizyjny),15031
2021,8,949,Karolina Korwin Piotrowska,15015
2021,8,961,Piotr Woźniak-Starak,14907
2021,8,978,Zakochani po uszy,14779
2021,9,10,Bezczel,155655
2021,9,48,Sosnowski (muzyk),66411
2021,9,58,Fame MMA,58432
2021,9,76,Reaktywność reaktora,48815
2021,9,119,Jan Wedel,38943
2021,9,123,Fort Boyard (polski program telewizyjny),38488
2021,9,155,Ekipa Friza,35510
2021,9,169,Maciej Zięba (dominikanin),33519
2021,9,199,Receptura (serial telewizyjny),30805
2021,9,204,Marcin Matczak,30277
2021,9,210,Dorota Szelągowska,30017
2021,9,224,Chada,29252
2021,9,281,Love Island. Wyspa miłości,26072
2021,9,322,Marcin Wrzosek,24521
2021,9,335,Jan Kliment (tancerz),24117
2021,9,394,Numery kierunkowe w Polsce,22336
2021,9,399,Grzegorz Markocki,22208
2021,9,419,Anna Szulc,21578
2021,9,450,Hotel Paradise,21050
2021,9,490,Michał Kempa,20266
2021,9,500,Lista odcinków programu Twoja twarz brzmi znajomo,20160
2021,9,572,Aleksandra Kwaśniewska,18864
2021,9,631,Łukasz Jurkowski,17915
2021,9,721,Borys Mańkowski,16724
2021,9,723,Emil Wedel,16708
2021,9,816,Aleksander Milwiw-Baron,15660
2021,9,830,Maciej Sawicki,15545
2021,9,903,Chłopiec w pasiastej piżamie,14835
2021,9,976,Tomasz Oświeciński,14288
2021,10,17,Fame MMA,112794
2021,10,36,Marcin Matczak,80214
2021,10,99,Dzień Edukacji Narodowej,44054
2021,10,117,Aleksander Milwiw-Baron,41325
2021,10,173,Lista odcinków programu Twoja twarz brzmi znajomo,33817
2021,10,228,Ekipa Friza,29605
2021,10,280,Hanna Żudziewicz,27334
2021,10,315,Łukasz Mejza,25842
2021,10,321,Zuzanna Leśniak,25619
2021,10,323,Jan Wedel,25526
2021,10,368,Jan Kliment (tancerz),24168
2021,10,371,Borys Mańkowski,24094
2021,10,394,Emil Stępień,23440
2021,10,416,Stowarzyszenie Roty Niepodległości,22720
2021,10,424,Dorota Szelągowska,22481
2021,10,431,Hotel Paradise,22146
2021,10,461,Marcin Wrzosek,21567
2021,10,478,Numery kierunkowe w Polsce,21108
2021,10,507,Love Island. Wyspa miłości,20735
2021,10,537,Joanna Przetakiewicz,20124
2021,10,569,Receptura (serial telewizyjny),19608
2021,10,643,Rafał Maserak,18381
2021,10,698,Chada,17780
2021,10,733,Jarosław Sokołowski (gangster),17389
2021,10,763,Tomasz Ciachorowski,16988
2021,10,795,Ninja Warrior Polska,16609
2021,10,802,Jerzy Kalibabka,16570
2021,10,803,Puginał,16560
2021,10,817,Jacek Jeschke,16386
2021,10,818,Stopnie naukowe w Polsce,16374
2021,10,844,Łukasz Jurkowski,16170
2021,10,874,Michał Kempa,15874
2021,10,894,Inflacja w Polsce,15624
2021,10,945,Kastor i Polluks,15283
2021,10,991,Czasowniki modalne w języku niemieckim,14813
2021,11,15,Fame MMA,116408
2021,11,45,Marcin Wrzosek,71325
2021,11,64,Łukasz Mejza,59913
2021,11,69,Kasjusz Życiński,57978
2021,11,101,Agnieszka Fatyga,45937
2021,11,106,Katarzyna Gärtner,45253
2021,11,138,Stowarzyszenie Roty Niepodległości,39936
2021,11,228,Robert Motyka,31681
2021,11,257,Aleksander Milwiw-Baron,29579
2021,11,329,Rafał Szatan,27220
2021,11,369,Sprawiedliwi – Wydział Kryminalny,25742
2021,11,380,Marcin Matczak,25522
2021,11,386,Andrzej Urny,25318
2021,11,464,Dorota Szelągowska,23141
2021,11,486,Ekipa Friza,22510
2021,11,495,Bogdan Łyszkiewicz,22367
2021,11,512,Hotel Paradise,21966
2021,11,561,Jan Młynarski,21086
2021,11,591,Andrzej Butruk,20691
2021,11,601,Lista odcinków programu Twoja twarz brzmi znajomo,20464
2021,11,628,Jarosław Sokołowski (gangster),19993
2021,11,646,Chada,19644
2021,11,762,Polskie przejścia graniczne z Białorusią,17995
2021,11,779,Numery kierunkowe w Polsce,17795
2021,11,790,Lista odcinków serialu Świat według Kiepskich,17615
2021,11,846,Krystian Kinastowski,17143
2021,11,895,Witold Odrobina,16497
2021,11,898,Inflacja w Polsce,16491
2021,11,943,Aleksandra Kwaśniewska,16076
2022,1,2,Andrzej Banasiak,580634
2022,1,10,Jarosław Sokołowski (gangster),208816
2022,1,29,Jak zostałem gangsterem. Historia prawdziwa,93669
2022,1,31,Janusz Prasol,92478
2022,1,46,Łódzka „ośmiornica”,78986
2022,1,50,Ryszard Bogucki,73147
2022,1,54,Sztos,68441
2022,1,63,Henryk Niewiadomski,64439
2022,1,65,Andrzej Nowak (gitarzysta),63837
2022,1,66,Mirosław Danielak,63531
2022,1,68,Leszek Danielak,63322
2022,1,118,Fame MMA,48107
2022,1,123,Przemysław Gąsiorowicz,47031
2022,1,142,Mariusz Ziomecki,44311
2022,1,167,Pjus,42375
2022,1,177,MMA-VIP,41285
2022,1,195,Vox (zespół muzyczny),38802
2022,1,204,Wiesław Niewiadomski,38305
2022,1,208,Marcin Matczak,38193
2022,1,216,Tymek,37355
2022,1,234,Stanisława Gierek,35745
2022,1,235,Piotr Patkowski,35583
2022,1,248,Adriana Kalska,34714
2022,1,275,Ryszard Forbrich,32514
2022,1,316,Paweł Wojtunik,30236
2022,1,321,Maxim w Gdyni,29837
2022,1,361,Jeremiasz Barański,28352
2022,1,391,Kazimierz Orzechowski (duchowny),27387
2022,1,403,Katarzyna Gärtner,26761
2022,1,434,Chada,25645
2022,1,435,Roman Kluska,25633
2022,1,453,Michał Gazda (aktor),25149
2022,1,531,Janusz Trela,23639
2022,1,555,Marek Medvesek,23294
2022,1,563,Witold Kopeć,23106
2022,1,568,Numery kierunkowe w Polsce,23035
2022,1,590,Marta Manowska,22590
2022,1,655,Zbigniew Mikołajewski (gangster),21550
2022,1,670,Inflacja w Polsce,21209
2022,1,682,Marian Ziółkowski,20943
2022,1,693,Ekipa Friza,20730
2022,1,707,Reprezentacja Polski w skokach narciarskich,20434
2022,1,718,Top Chef (Polska),20295
2022,1,725,Borys Mańkowski,20235
2022,1,769,Milano (zespół muzyczny),19723
2022,1,838,Aleksander Milwiw-Baron,18816
2022,1,905,Lista odcinków serialu Świat według Kiepskich,17990
2022,1,907,Maciej Zientarski,17988
2022,1,977,Polscy medaliści zimowych igrzysk olimpijskich,17353
2022,1,981,Igraszki z diabłem (Teatr Telewizji 1979),17332
2022,1,984,Strzelanina w Magdalence,17298
2022,1,987,Na sygnale (polski serial telewizyjny),17256
2022,2,41,Vox (zespół muzyczny),127394
2022,2,70,Polscy medaliści zimowych igrzysk olimpijskich,97168
2022,2,104,Fame MMA,73701
2022,2,127,Ryszard Forbrich,63016
2022,2,210,Andrzej Kozioł (piosenkarz),44855
2022,2,227,Andrzej Banasiak,42930
2022,2,231,Hell’s Kitchen. Piekielna kuchnia,42310
2022,2,326,Róże Europy,33362
2022,2,366,Izabella Łukomska-Pyżalska,30805
2022,2,382,Góry Towarne,29988
2022,2,427,Piotr Patkowski,27619
2022,2,459,Kasjusz Życiński,26581
2022,2,480,Sławomir Sikora (ur. 1964),25749
2022,2,543,Jarosław Sokołowski (gangster),23962
2022,2,565,Dariusz Tokarzewski,23464
2022,2,616,Anna Głogowska,22373
2022,2,657,Polskie przejścia graniczne z Ukrainą,21621
2022,2,761,Adriana Kalska,19654
2022,2,802,Numery kierunkowe w Polsce,19054
2022,2,913,Ekipa Friza,17594
2022,2,920,Lista czołgów Wojska Polskiego,17513
2022,2,927,Afera korupcyjna w polskiej piłce nożnej,17426
2022,2,955,Reprezentacja Polski w skokach narciarskich,17111
2022,3,105,Fame MMA,85986
2022,3,168,Karolina Korwin Piotrowska,63312
2022,3,192,Mask Singer,56265
2022,3,203,Chada,54816
2022,3,510,Maciej Radel,29897
2022,3,520,Patryk Cebulski,29670
2022,3,558,Hell’s Kitchen. Piekielna kuchnia,28177
2022,3,639,Lista odcinków programu Twoja twarz brzmi znajomo,25585
2022,3,665,Lista czołgów Wojska Polskiego,24940
2022,3,679,Polskie przejścia graniczne z Ukrainą,24528
2022,3,743,Aleksander Milwiw-Baron,22890
2022,3,746,Jacek Łęski,22859
2022,3,809,Love Island. Wyspa miłości,21591
2022,3,880,Numery kierunkowe w Polsce,20447
2022,3,914,Panteon Narodowy w Krakowie,19936
2022,3,922,Sławomir Sikora (ur. 1964),19777
2022,3,956,Żydzi chazarscy,19297
2022,4,47,Jacek Szymkiewicz,81847
2022,4,61,Stanisława Gierek,74632
2022,4,84,Mask Singer,62125
2022,4,99,Zbigniew Hałat,56324
2022,4,112,Fame MMA,53087
2022,4,130,Katarzyna Sokołowska,46724
2022,4,135,Czerwona kalina,45716
2022,4,227,Chada,34401
2022,4,272,Maciej Kurzajewski,31106
2022,4,318,Jacek Skubikowski,29261
2022,4,393,Lista odcinków programu Twoja twarz brzmi znajomo,26204
2022,4,406,Lista czołgów Wojska Polskiego,25854
2022,4,476,Aleksander Milwiw-Baron,23106
2022,4,498,Jarosław Wolski,22356
2022,4,513,Dorota Gardias (dziennikarka),21937
2022,4,517,Halina Winiarska,21864
2022,4,559,Bohdan Zdziennicki,20979
2022,4,561,Katarzyna Sienkiewicz (wokalistka),20939
2022,4,577,Maciej Radel,20690
2022,4,599,Pogodno (zespół muzyczny),20274
2022,4,732,Wojciech Korda,18037
2022,4,863,Dorota Szelągowska,16522
2022,4,925,Paulina Smaszcz,15897
2022,4,937,Lista najstarszych ludzi w Polsce,15808
2022,4,938,Numery kierunkowe w Polsce,15790
2022,4,940,Hotel Paradise,15764
2022,4,978,Ekipa Friza,15370
2022,4,980,Ariadna Gierek-Łapińska,15354
2022,4,987,Stanisława Gierek-Ciaciura,15291
2022,5,27,Fame MMA,87375
2022,5,110,Waldemar Paruch,41268
2022,5,152,Jacek Szymkiewicz,35574
2022,5,182,Mask Singer,32859
2022,5,202,Róże Europy,31112
2022,5,215,Katarzyna Sienkiewicz (wokalistka),30124
2022,5,280,Dorota Szelągowska,26363
2022,5,321,Elżbieta Tarkowska,24516
2022,5,349,Marek Goliszewski,23259
2022,5,465,Jacek Sienkiewicz (wokalista),19924
2022,5,500,Lista odcinków programu Twoja twarz brzmi znajomo,19373
2022,5,586,Jerzy Zass,17610
2022,5,637,Josef Bratan,16798
2022,5,670,Krystyna Giżowska,16331
2022,5,677,Inflacja w Polsce,16274
2022,5,726,Radzimir Dębski,15567
2022,5,767,Wiktor Bater,15229
2022,5,832,Hotel Paradise,14675
2022,5,893,Xayoo,14031
2022,6,11,Tadeusz Gołębiewski (przedsiębiorca),100551
2022,6,64,Ryszard Forbrich,41802
2022,6,151,Fame MMA,30326
2022,6,182,Andrzej Rosiewicz,27606
2022,6,309,Ryszard Bogucki,20966
2022,6,445,Borys Mańkowski,17701
2022,6,536,Katarzyna Sienkiewicz (wokalistka),15896
2022,6,540,Edward Miszczak,15849
2022,6,577,Inflacja w Polsce,15315
2022,6,643,Przemysław Frankowski (dziennikarz),14460
2022,6,652,Josef Bratan,14254
2022,6,691,Marian Ziółkowski,13915
2022,6,771,Lista odcinków serialu Świat według Kiepskich,13203
2022,6,845,Liga Narodów w Piłce Siatkowej Mężczyzn 2022 (składy),12647
2022,6,910,Nina Terentiew,12178
2022,6,943,Renata Zarębska,11939
2022,6,944,Andrzej Zieliński (wokalista),11927
2022,6,945,Maciej Kurzajewski,11906
2022,6,965,Stanisław Karpiel-Bułecka,11765
2022,7,19,Mateusz Hołda,64675
2022,7,37,Fame MMA,49635
2022,7,106,Marlena Milwiw,34233
2022,7,175,Krystyna Królówna,27147
2022,7,335,Katarzyna Sienkiewicz (wokalistka),19379
2022,7,337,Inflacja w Polsce,19344
2022,7,339,Marcin Wrzosek,19300
2022,7,403,Ekipa Friza,17980
2022,7,470,Grzegorz Szulakowski,16638
2022,7,527,Marcin Matczak,15607
2022,7,530,Renata Kim,15585
2022,7,552,Agnieszka Fatyga,15328
2022,7,602,Jacek Sienkiewicz (wokalista),14874
2022,7,647,Jan Targosz,14363
2022,7,650,Aleksander Milwiw-Baron,14335
2022,7,743,Chada,13392
2022,7,763,Liga Narodów w Piłce Siatkowej Mężczyzn 2022 (składy),13227
2022,7,788,Tadeusz Gołębiewski (przedsiębiorca),12918
2022,7,824,Lista odcinków serialu Świat według Kiepskich,12579
2022,7,925,Małgorzata Rozenek-Majdan,11859
2022,8,29,Fame MMA,73426
2022,8,72,Roman Żurek,43027
2022,8,80,Neo-Nówka,41507
2022,8,99,Tamara Gonzalez Perea,37032
2022,8,147,Radosław Bielecki,30304
2022,8,149,Michał Gawliński,30091
2022,8,169,Piotr Szkudelski,28641
2022,8,183,Przemysław Daca,27466
2022,8,189,Lista najstarszych ludzi w Polsce,26692
2022,8,209,Katarzyna Sienkiewicz (wokalistka),25992
2022,8,229,Elewator Ewa,25075
2022,8,248,Przyducha,24203
2022,8,310,Andrzej Rosiewicz,21815
2022,8,341,Jacek Sienkiewicz (wokalista),21035
2022,8,418,Oddział Zamknięty,18922
2022,8,428,Marcin Wrzosek,18734
2022,8,452,Joanna Przetakiewicz,18283
2022,8,473,Złotopolscy,17846
2022,8,486,Agnieszka Woźniak-Starak,17661
2022,8,551,Ekipa Friza,16478
2022,8,554,Małgorzata Rozenek-Majdan,16447
2022,8,636,Państwowe Gospodarstwo Wodne Wody Polskie,15535
2022,8,651,Agnieszka Fatyga,15338
2022,8,742,Lista odcinków serialu Świat według Kiepskich,14413
2022,8,759,Ambasada RP w Panamie,14285
2022,8,822,Dominika Gawęda,13692
2022,8,855,Sprawiedliwi – Wydział Kryminalny,13355
2022,8,866,Sarius,13275
2022,8,942,Robert Motyka,12585
2022,8,959,Piotr Woźniak-Starak,12446
2022,8,965,Nocny Kochanek,12397
2022,8,976,Wrocław: Libacja na skwerku,12316
2022,10,13,Maciej Kurzajewski,149422
2022,10,31,Paulina Smaszcz,94299
2022,10,91,Dzień Edukacji Narodowej,46172
2022,10,196,Joanna Tyrowicz,33256
2022,10,247,Fame MMA,29245
2022,10,297,Kolarstwo klasyczne,26596
2022,10,352,Katarzyna Polewany,24505
2022,10,359,Ilona Krawczyńska,24172
2022,10,373,Jarosława Różańska,23724
2022,10,390,Małgorzata Rozenek-Majdan,23298
2022,10,426,Hell’s Kitchen. Piekielna kuchnia,22306
2022,10,443,Lista odcinków programu Twoja twarz brzmi znajomo,21888
2022,10,454,KORWiN,21458
2022,10,521,Wojciech Mann,19992
2022,10,576,Marcin Hakiel,18896
2022,10,628,Agnieszka Fatyga,18275
2022,10,711,Joanna Przetakiewicz,17353
2022,10,775,Inflacja w Polsce,16409
2022,10,843,Ewa Błachnio,15584
2022,10,850,Lista odcinków serialu Świat według Kiepskich,15524
2022,10,945,Maciej Witucki,14697
2022,10,960,Osadnik Gajówka,14585
2022,10,983,Stopnie naukowe w Polsce,14329
2023,1,71,Chada,58228
2023,1,90,Dom pod Dwoma Orłami,49768
2023,1,91,Marek Gaszyński,49695
2023,1,95,Alicja Węgorzewska-Whiskerd,49386
2023,1,153,Fame MMA,38913
2023,1,187,Edward Miszczak,35607
2023,1,210,Justyna Sieńczyłło,33332
2023,1,468,Kolarstwo klasyczne,22475
2023,1,497,Bogusław Grabowski,21700
2023,1,540,Nina Terentiew,20850
2023,1,607,Mateusz Matyszkowicz,19615
2023,1,614,Sonia Mietielica,19451
2023,1,656,Andrzej Rosiewicz,18890
2023,1,680,Maciej Kurzajewski,18553
2023,1,755,VeloBank,17519
2023,1,772,Reprezentacja Polski w skokach narciarskich,17332
2023,1,809,Lil Masti,16961
2023,1,818,Jarosław Sokołowski (gangster),16836
2023,1,835,Dorota Szelągowska,16647
2023,1,922,Universe (zespół muzyczny),15859
2023,1,931,Michał Pasternak,15804
2023,1,992,Lista odcinków serialu Świat według Kiepskich,15276
2023,2,45,Fame MMA,56893
2023,2,124,Alicja Węgorzewska-Whiskerd,36589
2023,2,277,Rafał Baniak,25502
2023,2,284,Dom pod Dwoma Orłami,25239
2023,2,335,Nicole Sochacki-Wójcicka,23516
2023,2,586,Friz,17307
2023,2,608,Jan Dąbrowski (bloger),17070
2023,2,684,Marcin Wrzosek,16029
2023,2,770,High League,15195
2023,2,810,Mateusz Matyszkowicz,14857
2023,2,812,Joanna Przetakiewicz,14846
2023,2,889,Tadeusz Sznuk,14188
2023,2,897,Lista najstarszych ludzi w Polsce,14102
2023,2,902,Edward Miszczak,14046
2023,2,909,Maciej Kurzajewski,14027
2023,2,927,Jerzy Nasierowski,13928
2023,2,963,Lista odcinków serialu Świat według Kiepskich,13695
2023,2,970,Ministrowie Skarbu Państwa (Polska),13647
2023,3,46,Solaris (polski zespół muzyczny),64835
2023,3,64,Jolanta Lange,53156
2023,3,143,Jerzy Kalibabka,37105
2023,3,194,Puszcza Karpacka,32329
2023,3,203,High League,31519
2023,3,214,Dominik Kuta,30654
2023,3,266,Sonia Mietielica,27381
2023,3,277,Malwina Wędzikowska,27007
2023,3,371,Lista odcinków programu Twoja twarz brzmi znajomo,23503
2023,3,379,Fame MMA,23283
2023,3,410,Aleksander Milwiw-Baron,22474
2023,3,442,Love Island. Wyspa miłości,21583
2023,3,443,Marcin Gutowski,21574
2023,3,465,Tadeusz Sznuk,20977
2023,3,480,Dorota Szelągowska,20672
2023,3,544,Hell’s Kitchen. Piekielna kuchnia,19513
2023,3,566,Wojciech Mann,19077
2023,3,612,Jan Śpiewak (działacz społeczny),18407
2023,3,622,Eryk Kulm (muzyk),18284
2023,3,625,Maciej Rock,18263
2023,3,686,Tomasz Terlikowski,17569
2023,3,724,Dt,17085
2023,3,739,Chada,16882
2023,3,786,Arcybractwo Męki Pańskiej,16461
2023,3,813,Katarzyna Butowtt,16099
2023,3,821,Joanna Przetakiewicz,15996
2023,3,878,Adam Sandauer,15410
2023,3,912,Mateusz Matyszkowicz,15131
2023,3,955,Lista odcinków serialu Świat według Kiepskich,14755
2023,3,992,Friz,14486
2023,4,101,Michał Wójcik (komik),38099
2023,4,165,Wojciech Mann,31311
2023,4,168,Odznaczeni Orderem Orła Białego (III Rzeczpospolita),31001
2023,4,205,Michał Pasternak,28454
2023,4,293,Fame MMA,23717
2023,4,385,Jerzy Kalibabka,21187
2023,4,498,Bogdan Łyszkiewicz,18466
2023,4,501,Lista odcinków programu Twoja twarz brzmi znajomo,18417
2023,4,533,Tadeusz Sznuk,17757
2023,4,589,Strzelanina w Magdalence,16799
2023,4,596,Jan Śpiewak (działacz społeczny),16699
2023,4,660,Hell’s Kitchen. Piekielna kuchnia,15999
2023,4,720,Aleksander Milwiw-Baron,15449
2023,4,826,Tomasz Gromadzki,14510
2023,4,834,Rafał Baniak,14431
2023,4,890,Oscylator ekonomiczny,13942
2023,4,963,Ninja Warrior Polska,13339
2023,5,89,Chada,49629
2023,5,127,Fame MMA,42078
2023,5,133,Edward Miszczak,41048
2023,5,159,Michał Pasternak,38356
2023,5,255,Total Casino,29007
2023,5,415,Robert Motyka,22620
2023,5,428,Jerzy Kalibabka,22350
2023,5,437,Wincenty Grabarczyk,21999
2023,5,488,Nina Terentiew,20560
2023,5,559,High League,19056
2023,5,573,Paweł Siennicki,18837
2023,5,601,Tadeusz Sznuk,18274
2023,5,673,Tomasz Gromadzki,17295
2023,5,674,Piotr Jacoń,17287
2023,5,714,Jacek Janczarski,16708
2023,5,825,Krzysztof Daukszewicz,15595
2023,5,880,Ryszard Majdzik,15136
2023,6,99,Universe (zespół muzyczny),40724
2023,6,165,Total Casino,30993
2023,6,173,Sławek Uniatowski,30459
2023,6,176,Krzysztof Jaryczewski,30193
2023,6,180,Jakub Ulewicz,30088
2023,6,187,Wojciech Walerian Suchodolski,29489
2023,6,189,Andrzej Rosiewicz,29207
2023,6,240,Wanda Kwietniewska,25740
2023,6,242,Dawid Dulski,25581
2023,6,330,Jolanta Borusiewicz,21972
2023,6,364,Małgorzata Rozenek-Majdan,20877
2023,6,388,Fame MMA,20235
2023,6,402,Oddział Zamknięty,19997
2023,6,461,Lista i wyniki gal Konfrontacji Sztuk Walki,18737
2023,6,488,Łukasz Jurkowski,18046
2023,6,490,Rostów,17977
2023,6,516,Izabella Łukomska-Pyżalska,17580
2023,6,529,Aleksandra Kwaśniewska,17416
2023,6,540,Monika Osińska,17168
2023,6,569,Piotr Jacoń,16751
2023,6,582,Hotel Paradise,16489
2023,6,583,Anna Popek,16488
2023,6,679,High League,15306
2023,6,785,Marta Cugier,14233
2023,6,821,Józef Wancer,13963
2023,6,849,Mieczysław Mentzen,13774
2023,6,858,Andrzej Dąbrowski (piosenkarz),13699
2023,6,864,Finaliści tenisowych turniejów wielkoszlemowych,13656
2023,6,880,Krzysztof Daukszewicz,13547
2023,6,920,Boże Ciało,13179
2023,6,984,Agata Konarska,12726
2023,6,989,Adam Borowski,12695
2023,7,45,Miriam Aleksandrowicz,57703
2023,7,59,Mirosław Stasiak,51219
2023,7,112,Tęczowy Music Box,39947
2023,7,141,Puchar Świata kobiet w skokach narciarskich 2022/2023,35999
2023,7,151,Fame MMA,34583
2023,7,217,Michał Pasternak,28971
2023,7,241,Liliana Urbańska,26981
2023,7,271,Trzonolinowiec we Wrocławiu,25589
2023,7,348,Josef Bratan,22126
2023,7,511,Total Casino,18209
2023,7,579,Hotel Paradise,16997
2023,7,623,Jacek Czyż,16335
2023,7,660,Tadeusz Sznuk,15767
2023,7,675,Lista najstarszych ludzi w Polsce,15589
2023,7,860,Stanisław Karpiel-Bułecka,13785
2023,7,867,Mieczysław Mentzen,13717
2023,7,884,Anna Popek,13603
2023,7,911,Trzonolinowiec,13450
2023,7,954,Kasjusz Życiński,13166
2023,8,85,Katarzyna Sienkiewicz (wokalistka),45129
2023,8,89,Symetryzm,44039
2023,8,119,Okręgi wyborcze do Sejmu Rzeczypospolitej Polskiej,37639
2023,8,125,Jacek Sienkiewicz (wokalista),36748
2023,8,314,Fame MMA,24093
2023,8,334,Radio-Stop,23421
2023,8,338,Joanna Jakubas,23367
2023,8,340,Robert Rozmus,23302
2023,8,369,Katarzyna Bosacka,22083
2023,8,472,Skolim,19769
2023,8,475,Jan Greber,19709
2023,8,618,Wrocław: Libacja na skwerku,17378
2023,8,634,Referendum ogólnokrajowe,17180
2023,8,643,Hotel Paradise,17059
2023,8,762,Wykaz środków odurzających i substancji psychotropowych,15543
2023,8,792,Lil Masti,15226
2023,8,821,Występy polskich klubów w Lidze Mistrzów UEFA,15034
2023,8,868,Łukasz Mejza,14627
2023,8,907,Dorota Szelągowska,14382
2023,8,948,Jan Młynarski,14124
2023,9,62,Irena Rybczyńska-Holland,53333
2023,9,93,Fame MMA,44015
2023,9,140,Rafał Piech,33907
2023,9,184,Okręgi wyborcze do Sejmu Rzeczypospolitej Polskiej,30455
2023,9,274,Ewa Uryga,25163
2023,9,279,Mateusz Hołda,24961
2023,9,309,Eryk Kulm (muzyk),23957
2023,9,320,Marcin Januszkiewicz,23559
2023,9,425,Łukasz Mejza,20186
2023,9,430,Tadeusz Sznuk,20095
2023,9,581,Aleksander Milwiw-Baron,16936
2023,9,624,Hotel Paradise,16307
2023,9,635,Katarzyna Sienkiewicz (wokalistka),16136
2023,9,681,Rafał Wilczur,15376
2023,9,685,Symetryzm,15300
2023,9,700,Bracia Figo Fagot,15128
2023,9,704,Stanisław Brodzki,15097
2023,9,725,Lista odcinków programu Twoja twarz brzmi znajomo,14900
2023,9,731,Cezary Kussyk,14832
2023,9,738,Rafał Paczkowski,14726
2023,9,861,Paweł Sanakiewicz,13550
2023,9,905,Jan Śpiewak (działacz społeczny),13329
2023,9,988,Bharat,12745
2023,10,53,Sylwester Wardęga,83544
2023,10,64,Fagata,72528
2023,10,87,Okręgi wyborcze do Sejmu Rzeczypospolitej Polskiej,56832
2023,10,128,Wojciech Korda,47012
2023,10,130,Fame MMA,46849
2023,10,158,Rafał Piech,42276
2023,10,166,Danuta Holecka,41497
2023,10,179,Grzegorz i Rafał Collins,39492
2023,10,188,Rafał Wilczur,37578
2023,10,193,Referendum ogólnokrajowe,37242
2023,10,226,Magdalena Pietrzak,34216
2023,10,227,Łukasz Mejza,34162
2023,10,241,Dzień Edukacji Narodowej,32819
2023,10,251,Maciej Klisz,31982
2023,10,259,Rubens (piosenkarz),31213
2023,10,282,Janusz Grudziński,29539
2023,10,297,Katarzyna Sienkiewicz (wokalistka),28406
2023,10,371,Mieczysław Mentzen,24848
2023,10,405,Władysław Teofil Bartoszewski,23673
2023,10,429,Jacek Sienkiewicz (wokalista),22928
2023,10,472,Grzegorz Sokołowski,21836
2023,10,483,Andrzej Półtawski,21566
2023,10,521,Agnieszka Fatyga,20598
2023,10,531,Sejm Rzeczypospolitej Polskiej IX kadencji,20499
2023,10,559,Sylwester Marciniak,19882
2023,10,588,Kacperczyk,19291
2023,10,590,Wojciech Gola,19209
2023,10,636,Wojciech Szewko,18590
2023,10,646,Karol Dziuba,18474
2023,10,659,Krzysztof Maj,18228
2023,10,740,Wybory prezydenckie w Polsce w 2020 roku (pierwsze),17330
2023,10,786,Blowek,16788
2023,10,826,Remigiusz Wierzgoń,16382
2023,10,873,Marek Chmaj,15593
2023,10,894,Tadeusz Sznuk,15310
2023,11,49,Michał Chorosiński,63637
2023,11,78,Tomasz Zimoch,50176
2023,11,82,Krzysztof Jaślar,49486
2023,11,151,Tadeusz Sznuk,38626
2023,11,161,Sejm Rzeczypospolitej Polskiej X kadencji,37107
2023,11,166,Grzegorz i Rafał Collins,36065
2023,11,177,Władysław Grochowski,34943
2023,11,220,Antoni Gucwiński,31560
2023,11,251,Małgorzata Rozenek-Majdan,29160
2023,11,279,Prezydium Sejmu,27964
2023,11,329,Jarosław Centek,25504
2023,11,453,Danuta Holecka,21847
2023,11,488,Łukasz Mejza,20867
2023,11,490,Konwent Seniorów,20796
2023,11,492,Katarzyna Sienkiewicz (wokalistka),20778
2023,11,523,Sejm Rzeczypospolitej Polskiej IX kadencji,20100
2023,11,549,Kortez,19540
2023,11,566,Agnieszka Kaczmarska,19266
2023,11,672,Agnieszka Wojciechowska van Heukelom,17545
2023,11,684,Fame MMA,17395
2023,11,694,Piotr Patkowski,17266
2023,11,702,Bartłomiej Sochański,17173
2023,11,743,Dorota Szelągowska,16645
2023,11,744,Jakub Wons,16629
2023,11,757,Jacek Sienkiewicz (wokalista),16444
2023,11,808,Monika Horna-Cieślak,15850
2023,11,838,Dorota Bojemska,15545
2024,1,9,Afera gruntowa,199081
2024,1,27,Witek Muzyk Ulicy,100571
2024,1,33,Jacek Dubois,94422
2024,1,40,Maria Ejchart,81609
2024,1,80,Dariusz Barski,59678
2024,1,84,Agnieszka Wojciechowska van Heukelom,58845
2024,1,92,Marcin Kącki,56820
2024,1,134,Abolicja indywidualna,45249
2024,1,138,Barbara Kamińska,44626
2024,1,149,Chada,42824
2024,1,163,Fagata,41351
2024,1,194,Malwina Kusior,38167
2024,1,215,Wojciech Kwaśniak,36268
2024,1,217,Klaudia Carlos,36216
2024,1,273,Zabójstwo dokonane przez Kajetana Poznańskiego,32415
2024,1,295,Ryszard Piotrowski,31041
2024,1,301,Alicja Węgorzewska-Whiskerd,30903
2024,1,444,Samuel Pereira,24503
2024,1,462,Przemysław Rosati,24073
2024,1,508,Danuta Holecka,22942
2024,1,558,Małgorzata Kozłowska-Wojciechowska,22001
2024,1,589,Andrzej Banasiak,21091
2024,1,603,Skolim,20816
2024,1,630,Małgorzata Paprocka,20464
2024,1,667,Piotr Patkowski,19942
2024,1,669,Paweł Gajewski (polityk),19875
2024,1,695,Marcin Wrzosek,19460
2024,1,716,Maciej Zientarski,19202
2024,1,718,Marcin Matczak,19187
2024,1,722,Robert Hernand,19167
2024,1,723,Halina Lichocka,19164
2024,1,769,Justyna Dobrosz-Oracz,18563
2024,1,801,Jerzy Katarasiński,18206
2024,1,813,Agata Młynarska,17984
2024,1,814,Wojciech Gola,17984
2024,1,845,Ryszard Herba,17615
2024,1,857,Władysław Teofil Bartoszewski,17509
2024,1,892,Dariusz Wieczorek,17094
2024,1,902,Grzegorz i Rafał Collins,16974
2024,2,21,Piotr Morawiec,75056
2024,2,26,Jerzy Nawrocki (informatyk),71668
2024,2,56,Samuel Pereira,52017
2024,2,73,Fagata,47334
2024,2,118,Paweł Czarnecki,37411
2024,2,130,Alicja Węgorzewska-Whiskerd,36163
2024,2,213,Marzena Domaros,28577
2024,2,227,Fame MMA,27962
2024,2,293,Sami swoi. Początek,24787
2024,2,348,Tomasz Bocheński,22733
2024,2,384,Vixen (raper),21740
2024,2,462,Ewa Wrzosek,19687
2024,2,488,Total Casino,19128
2024,2,577,Magdalena Cwenówna,17522
2024,2,582,Josef Bratan,17437
2024,2,630,Pamiętnik Anastazji P.,16687
2024,2,819,Lista i wyniki gal Konfrontacji Sztuk Walki,14534
2024,2,825,Lista odcinków serialu Świat według Kiepskich,14508
2024,2,826,Wojciech Gola,14486
2024,2,852,Marcin Matczak,14219
2024,2,865,Lista i wyniki gal Fame MMA,14130
2024,2,909,Michał Pasternak,13756
2024,3,55,Jarosław Sokołowski (gangster),53984
2024,3,112,Fagata,41809
2024,3,127,Paweł Czarnecki,39283
2024,3,136,Tomasz Wygoda,36930
2024,3,172,Fotorewolwer Brandla,34099
2024,3,307,Vixen (raper),25897
2024,3,317,Lejb Fogelman,25406
2024,3,509,Wojciech Mann,20043
2024,3,556,Rafał Maserak,19156
2024,3,569,Strzelanina w Magdalence,18809
2024,3,584,Jacek Jeschke,18510
2024,3,590,Beata Michniewicz,18443
2024,3,608,Star-Typ Sport,18073
2024,3,614,Malwina Wędzikowska,17995
2024,3,654,Piotr Morawiec,17463
2024,3,655,Aleksander Milwiw-Baron,17462
2024,3,666,Hanna Żudziewicz,17268
2024,3,674,Alina Kamińska (aktorka),17200
2024,3,732,Lista odcinków programu Twoja twarz brzmi znajomo,16381
2024,3,741,Karolina Gilon,16290
2024,3,780,Jan Śpiewak (działacz społeczny),15826
2024,3,812,Historyczne tablice rejestracyjne w Polsce,15513
2024,3,830,Maciej Taborowski,15205
2024,3,877,Andrzej Banasiak,14719
2024,3,888,Maria Ejchart,14643
2024,3,899,Lexy Chaplin,14526
2024,3,925,Lista odcinków serialu Świat według Kiepskich,14299
2024,3,942,Monika Osińska,14193
2024,3,966,Hotel Paradise,13954
2024,3,973,Agnieszka Woźniak-Starak,13912
2024,5,11,Jacek Zieliński (muzyk),103346
2024,5,15,Fagata,94954
2024,5,43,Andrzej Zieliński (wokalista),56936
2024,5,85,Gracjan Szadziński,44251
2024,5,152,Emil Czeczko,32665
2024,5,160,Aleksander Milwiw-Baron,31832
2024,5,228,Skolim,26354
2024,5,264,Mateusz Ziółko,24782
2024,5,288,Testament holograficzny,23727
2024,5,329,Jacek Jeschke,22295
2024,5,350,Tomasz Oświeciński,21876
2024,5,404,Lista odcinków programu Twoja twarz brzmi znajomo,20249
2024,5,440,Zofia Czekalska,19311
2024,5,446,Fame MMA,19210
2024,5,488,Jarosław Stróżyk,18366
2024,5,510,Hell’s Kitchen. Piekielna kuchnia,17899
2024,5,556,Poparzeni Kawą Trzy,17012
2024,5,633,Hotel Paradise,15972
2024,5,651,Jarosław Sokołowski (gangster),15827
2024,5,660,Michał Kempa,15756
2024,5,758,Małgorzata Rozenek-Majdan,14702
2024,5,792,Józefina Pellegrini,14418
2024,5,800,Joanna Najfeld,14287
2024,5,836,Matylda (serial telewizyjny),13967
2024,5,851,Just 5,13872
2024,5,863,Okręgi wyborcze do Parlamentu Europejskiego w Polsce,13781
2024,5,935,Michał Pasternak,13245
2024,5,960,Marlena Milwiw,13117
2024,5,989,Synkretyzm w literaturze,12921
2024,6,35,Janusz Kondratowicz,76684
2024,6,66,Halina Kiepska,51198
2024,6,113,Aleksander Rewiński,39318
2024,6,143,Oddział Zamknięty,34501
2024,6,199,Bogdan Łyszkiewicz,28818
2024,6,225,Fagata,27547
2024,6,341,Michał Zembala,22063
2024,6,387,Skolim,20431
2024,6,429,Proletaryat,19474
2024,6,551,Arkadius,17017
2024,6,555,Ewa Woydyłło-Osiatyńska,16966
2024,6,569,Krzysztof Jaryczewski,16815
2024,6,642,Sylwia Dekiert,15796
2024,6,703,Lista odcinków serialu Świat według Kiepskich,15015
2024,6,712,Aleksander Milwiw-Baron,14958
2024,6,731,Waldemar Kiepski,14800
2024,6,743,Natalia Niemen,14693
2024,6,750,Fotorewolwer Brandla,14563
2024,6,755,Gracjan Szadziński,14487
2024,6,768,Kacperczyk,14313
2024,6,807,Zaginięcie Iwony Wieczorek,13964
2024,6,891,Elżbieta Zapendowska,13105
2024,6,908,Hell’s Kitchen. Piekielna kuchnia,13009
2024,6,929,Sprawiedliwi – Wydział Kryminalny,12817
2024,7,45,Przemysław Babiarz,63005
2024,7,54,Sprawa zabójstwa Krzysztofa Olewnika,54863
2024,7,68,Danuta Holecka,50837
2024,7,118,Skolim,37519
2024,7,227,Fagata,26776
2024,7,286,Marcin Bisiorek,24195
2024,7,309,Roman Frankl,23591
2024,7,353,Zaginięcie Iwony Wieczorek,21654
2024,7,523,Wojciech Gola,17703
2024,7,566,Ewa Ciepiela,17215
2024,7,590,Emerytura olimpijska,16761
2024,7,591,Małgorzata Rozenek-Majdan,16750
2024,7,638,Numerariusz,16065
2024,7,659,Lista najstarszych ludzi w Polsce,15811
2024,7,669,Tadeusz Sznuk,15703
2024,7,719,Oskar Stuhr,14888
2024,7,852,Emilia Sanecka,13723
2024,7,927,Lista odcinków serialu Świat według Kiepskich,13115
2024,8,19,Krzysztof Banaszyk,124074
2024,8,27,Radosław Piesiewicz,106538
2024,8,71,Skolim,52650
2024,8,97,Michał Kuczmierowski,43285
2024,8,175,Felicjan Andrzejczak,33593
2024,8,252,Polscy medaliści letnich igrzysk olimpijskich,27243
2024,8,267,Leszek Kamiński,26374
2024,8,291,Ewa Woydyłło-Osiatyńska,25477
2024,8,332,Przemysław Babiarz,23893
2024,8,383,Greg Duplantis,22085
2024,8,393,Andrzej Dąbrowski (piosenkarz),21703
2024,8,416,Fagata,21255
2024,8,424,Jan Młynarski,21068
2024,8,553,Wanda Kwietniewska,18278
2024,8,559,Mecze reprezentacji Polski w piłce siatkowej mężczyzn na igrzyskach olimpijskich,18146
2024,8,577,Fame MMA,17735
2024,8,602,Kasjusz Życiński,17332
2024,8,603,Aldona Grochal,17297
2024,8,642,Małgorzata Sadowska (aktorka),16706
2024,8,657,Anna Tomaszewska,16464
2024,8,670,Vixen (raper),16288
2024,8,692,Katarzyna Sienkiewicz (wokalistka),16040
2024,8,710,Małgorzata Rozenek-Majdan,15814
2024,8,773,Emerytura olimpijska,15183
2024,8,790,Hotel Paradise,14949
2024,8,835,Fokus,14626
2024,8,884,Marek Fornal,14218
2024,8,911,Lista odcinków serialu Świat według Kiepskich,13924
2024,8,915,Agnieszka Woźniak-Starak,13886
2024,8,919,Iwo Pawłowski,13866
2024,8,944,Maciej Dowbor,13644
2024,8,966,Lista najstarszych ludzi w Polsce,13461
2024,8,967,Poparzeni Kawą Trzy,13447
2024,8,991,Aleksander Milwiw-Baron,13281
2024,9,4,Felicjan Andrzejczak,175420
2024,9,36,Skolim,56103
2024,9,61,Jacek Bazan,44715
2024,9,76,Stefan Czarnecki (bokser),39912
2024,9,93,Przemysław Klima,36982
2024,9,96,Grand Press,36271
2024,9,118,Aleksandra Kwaśniewska,32848
2024,9,146,Agnieszka Głowacka,30041
2024,9,151,Paweł Jumper,29776
2024,9,163,Ewa Woydyłło-Osiatyńska,28952
2024,9,166,Joanna Kopczyńska,28726
2024,9,206,Boxdel,25881
2024,9,207,Paweł Czarnecki,25874
2024,9,211,Michał Kuczmierowski,25554
2024,9,253,Powódź tysiąclecia w Kłodzku,23564
2024,9,260,Krzysztof Materna,23384
2024,9,328,Fame MMA,20742
2024,9,341,Hotel Paradise,20366
2024,9,352,Zbigniew Hołdys,20069
2024,9,356,Fagata,19971
2024,9,367,Małgorzata Żak,19806
2024,9,371,Powódź w Polsce,19733
2024,9,372,Zbiornik Topola,19685
2024,9,383,Bartek Wrona,19489
2024,9,435,Kasjusz Życiński,18206
2024,9,498,WPolsce24,16892
2024,9,547,Nieboczowy (uroczysko),16181
2024,9,593,Sylwester Wardęga,15529
2024,9,594,Henryk T. Czarnecki,15528
2024,9,623,Radosław Piesiewicz,15116
2024,9,629,Just 5,15023
2024,9,640,Jarosław Kret,14915
2024,9,644,Państwowe Gospodarstwo Wodne Wody Polskie,14868
2024,9,651,Aleksander Milwiw-Baron,14698
2024,9,661,Rzeki we Wrocławiu,14584
2024,9,672,Lista odcinków programu Twoja twarz brzmi znajomo,14521
2024,9,680,Marek Boroń,14428
2024,9,764,Tomasz Kammel,13715
2024,9,796,Zbiornik przeciwpowodziowy w Jarnołtówku,13427
2024,9,821,Przemysław Rosati,13192
2024,9,823,Jessica Mercedes Kirschner,13182
2024,9,829,Andrzej Bartkowiak (strażak),13152
2024,9,855,Jacek Bończyk,12923
2024,9,880,Maria Bielińska-Czarnecka,12720
2024,9,911,Sprawiedliwi – Wydział Kryminalny,12531
2024,9,933,Lech Sołuba,12406
2024,9,939,Cofka,12367
2024,9,959,Gabi Drzewiecka,12211
2024,9,985,Hanna Żudziewicz,12027
2024,10,19,Napad na filię Kredyt Banku przy ul. Żelaznej w Warszawie,86870
2024,10,84,Skolim,40326
2024,10,94,Jacek Dubois,38702
2024,10,109,Agnieszka Głowacka,36649
2024,10,165,Dzień Edukacji Narodowej,30319
2024,10,171,Łukasz Mejza,30160
2024,10,184,Hotel Paradise,28953
2024,10,198,Budda (youtuber),28235
2024,10,230,Jacek Bazan,26197
2024,10,248,Małgorzata Żak,25072
2024,10,271,Modelki,24206
2024,10,298,Jerzy Molga,22908
2024,10,313,Renata Aleksander,22234
2024,10,342,Aleksandra Kwaśniewska,21247
2024,10,350,Piotr Mróz (aktor),21080
2024,10,358,Błażej Król,20899
2024,10,396,Ewa Woydyłło-Osiatyńska,19791
2024,10,399,Ryszard Bogucki,19756
2024,10,400,Piotr Sankowski,19731
2024,10,472,Katarzyna Sienkiewicz (wokalistka),18356
2024,10,473,Przemysław Klima,18336
2024,10,503,Janusz Koman,17655
2024,10,510,Dorota Rasińska-Samoćko,17526
2024,10,513,Lista odcinków programu Twoja twarz brzmi znajomo,17401
2024,10,572,Maria Ejchart,16536
2024,10,578,Jarosław Stróżyk,16423
2024,10,622,Dariusz Wieczorek,15766
2024,10,661,Hanna Żudziewicz,15163
2024,10,691,Felicjan Andrzejczak,14909
2024,10,727,Fagata,14420
2024,10,756,Natalia Niemen,14201
2024,10,760,Tomasz Oświeciński,14188
2024,10,802,Roman Kluska,13713
2024,10,853,Dorota Szelągowska,13302
2024,10,875,Jacek Jeschke,13089
2024,10,934,Arkadius,12633
2024,10,941,Aleksander Milwiw-Baron,12589
2024,10,968,Joanna Przetakiewicz,12484
2024,11,188,Listy do M. (seria),31439
2024,11,195,Napad na filię Kredyt Banku przy ul. Żelaznej w Warszawie,31248
2024,11,237,Skolim,28082
2024,11,241,Chobielin-Dwór,27798
2024,11,247,Aleksandra Kwaśniewska,27421
2024,11,277,Aleksander Milwiw-Baron,26205
2024,11,279,Witold Skrzydlewski,26117
2024,11,363,Lech Wilczek,23059
2024,11,400,Zabójstwo dokonane przez Kajetana Poznańskiego,21789
2024,11,436,Paweł Czarnecki,20866
2024,11,493,Katarzyna Sienkiewicz (wokalistka),19577
2024,11,519,Agnieszka Głowacka,18972
2024,11,534,Igo (piosenkarz),18702
2024,11,550,Sprawiedliwi – Wydział Kryminalny,18479
2024,11,574,Przemysław Klima,18008
2024,11,583,Wojciech Mann,17833
2024,11,602,Renata Aleksander,17518
2024,11,697,Felicjan Andrzejczak,16427
2024,11,736,Hotel Paradise,16013
2024,11,794,Jacek Sienkiewicz (wokalista),15285
2024,11,815,Chada,15096
2024,11,866,Fagata,14591
2024,11,905,Żurnalista,14212
2024,11,951,Lista i wyniki gal Konfrontacji Sztuk Walki,13850
2024,11,956,Ewa Woydyłło-Osiatyńska,13802
2025,1,49,Eugeniusz Olejarczyk,65154
2025,1,55,Wzgórze psów,61596
2025,1,91,Maria Wiernikowska,46883
2025,1,107,Skolim,44017
2025,1,126,Lady Love,41863
2025,1,157,Radzimir Dębski,37766
2025,1,238,Fagata,30741
2025,1,371,Plebiscyt Przeglądu Sportowego 2024,24318
2025,1,434,Tomasz Oświeciński,22562
2025,1,467,Witek Muzyk Ulicy,21743
2025,1,519,Paulina Smaszcz,20310
2025,1,523,Wojciech Mann,20268
2025,1,554,Robert Dobrzycki,19700
2025,1,665,Grażyna Bułka,17958
2025,1,673,Bogdan Augustyn,17846
2025,1,767,Hotel Paradise,16534
2025,1,781,Słoń (raper),16434
2025,1,795,Aleksander Makowski,16222
2025,1,830,Agnieszka Dziekan,15878
2025,1,844,WPolsce24,15781
2025,1,846,Numery kierunkowe w Polsce,15770
2025,1,847,Łukasz Mejza,15762
2025,1,848,Filip Gurłacz,15757
2025,1,891,Arleta Bojke,15372
2025,1,898,Jaśmina Polak,15329
2025,1,913,Edward Miszczak,15181
2025,1,934,Lista najstarszych ludzi w Polsce,14961
2025,1,939,Maciej Kurzajewski,14889
2025,1,975,Andrzej Rosiewicz,14630
2025,2,26,Agnieszka Kwiatkowska-Gurdak,67776
2025,2,42,Litworowy Kocioł (Tatry Zachodnie),58851
2025,2,50,Paulina Smaszcz,50775
2025,2,53,Lech Wilczek,50092
2025,2,124,Błażej Spychalski,34313
2025,2,132,Halina Paszkowska-Turska,32911
2025,2,200,Maciej Kurzajewski,27997
2025,2,205,Grażyna Łobaszewska,27305
2025,2,270,Teo Tomczuk,23493
2025,2,351,Skolim,20612
2025,2,384,Evviva l’arte!,19664
2025,2,390,Zdobywcy Pewnych Oskarów,19525
2025,2,440,Diabeł morski,18425
2025,2,480,Urszula Demkow,17492
2025,2,505,Bartosz Porczyk,17032
2025,2,579,Dariusz Łukowski,15994
2025,2,603,Numery kierunkowe w Polsce,15691
2025,2,611,Hotel Paradise,15551
2025,2,618,Marcin Wójcik (artysta kabaretowy),15330
2025,2,655,Wojciech Mann,14847
2025,2,696,Elżbieta Zapendowska,14439
2025,2,723,Filip Gurłacz,14208
2025,2,729,Dorota Szelągowska,14157
2025,2,749,Agnieszka Dziekan,14026
2025,2,750,Lady Love,14017
2025,2,751,Wojciech Czuchnowski,14004
2025,2,816,Sławomir Żarski,13355
2025,2,821,Leon Komornicki,13323
2025,2,822,Karolina Gilon,13312
2025,2,843,Michał Kuczmierowski,13139
2025,2,871,Lista najstarszych ludzi w Polsce,12988
2025,2,887,Nicole Sochacki-Wójcicka,12853
2025,2,893,Ewa Woydyłło-Osiatyńska,12836
2025,2,930,Chłopiec w pasiastej piżamie,12565
2025,2,980,Alberto (raper),12287
2025,3,6,Filip Gurłacz,173977
2025,3,13,Ewa Wrzosek,127049
2025,3,17,Miuosh,101551
2025,3,27,Paulina Smaszcz,80055
2025,3,34,Adrianna Borek,76785
2025,3,60,Aleksander Milwiw-Baron,59937
2025,3,74,Magdalena Narożna,53629
2025,3,90,Maciej Kurzajewski,48193
2025,3,92,Zbigniew Maj,47432
2025,3,120,Tomasz Wolny,39910
2025,3,128,Bartosz Porczyk,38350
2025,3,133,Mieczysław Mentzen,37297
2025,3,191,Evviva l’arte!,30963
2025,3,194,Lech Wilczek,30686
2025,3,199,Adam Kornacki,30364
2025,3,233,Ryszard Majdzik,27621
2025,3,267,Daniel Przastek,25555
2025,3,301,Tomasz Wygoda,23654
2025,3,311,Marcin Wrona (dziennikarz),23140
2025,3,334,Hotel Paradise,22425
2025,3,345,Maciej Taborowski,22198
2025,3,430,Robert Dobrzycki,20122
2025,3,443,Iwona Pavlović,19826
2025,3,444,Jacek Dubois,19797
2025,3,456,Genzie,19682
2025,3,470,Tabela wszech czasów polskiej I ligi w piłce nożnej,19343
2025,3,480,Lexy Chaplin,19157
2025,3,491,Jacek Jeschke,18996
2025,3,506,Sonia Mietielica,18787
2025,3,528,U Pana Boga w Królowym Moście,18389
2025,3,545,Chada,18050
2025,3,546,MasterChef Nastolatki,18048
2025,3,612,Justyna Dobrosz-Oracz,16945
2025,3,650,Rafał Maserak,16309
2025,3,663,Srebrna (przedsiębiorstwo),16096
2025,3,667,Jan Kliment (tancerz),16037
2025,3,690,Olga Łasak,15779
2025,3,697,Urszula Chincz,15697
2025,3,733,Dorota Kania,15206
2025,3,736,Numery kierunkowe w Polsce,15162
2025,3,739,Grzegorz i Rafał Collins,15146
2025,3,766,Skolim,14922
2025,3,809,Sprawa śmierci Ewy Tylman,14499
2025,3,852,Jan Śpiewak (działacz społeczny),14026
2025,3,869,Marcin Hakiel,13872
2025,3,872,Marcin Wójcik (artysta kabaretowy),13855
2025,3,896,Łukasz Turski,13646
2025,3,903,Jarosław Sokołowski (gangster),13581
2025,3,908,Dane statystyczne o miastach w Polsce,13518
2025,3,986,Total Casino,12996
2025,4,31,Adrianna Borek,98946
2025,4,44,Filip Gurłacz,74367
2025,4,71,Dorota Wysocka-Schnepf,49177
2025,4,75,Monika Braun,47858
2025,4,101,Miuosh,41301
2025,4,239,Wojciech Zygmunt,25505
2025,4,262,Evviva l’arte!,24368
2025,4,271,Magda Butrym,23749
2025,4,291,Mieczysław Mentzen,22796
2025,4,294,Teresa Trzaskowska,22724
2025,4,375,Atak na biuro poselskie Prawa i Sprawiedliwości w Łodzi,19666
2025,4,429,Browary Regionalne Jakubiak,18322
2025,4,438,Maria Ejchart,18144
2025,4,503,CW 24tv,16995
2025,4,510,Hotel Paradise,16883
2025,4,523,Paulina Smaszcz,16646
2025,4,531,Arleta Bojke,16484
2025,4,534,Mirosław Minkina (profesor),16449
2025,4,539,Tomasz Wolny,16342
2025,4,578,Katarzyna Gärtner,15845
2025,4,585,Tomasz Lech,15785
2025,4,614,Marek Rosiak (1948–2010),15319
2025,4,650,Ewa Woydyłło-Osiatyńska,14899
2025,4,651,Iwona Pavlović,14896
2025,4,688,Katarzyna Sienkiewicz (wokalistka),14415
2025,4,690,Jarosław Sokołowski (gangster),14380
2025,4,693,Numery kierunkowe w Polsce,14366
2025,4,752,Zbigniew Hołdys,13680
2025,4,772,Sonia Mietielica,13538
2025,4,818,Jacek Jeschke,13159
2025,4,819,Andrzej Grzebyk,13145
2025,4,826,Agnieszka Gozdyra,13088
2025,4,854,Agnieszka Woźniak-Starak,12840
2025,4,879,Total Casino,12682
2025,4,887,Maksymilian Sznepf,12642
2025,4,919,Jerzy Kalibabka,12417
2025,4,920,Andrzej Banasiak,12411
2025,4,931,Magdalena Narożna,12324
2025,4,932,Andrzej Pecka,12321
2025,4,937,Gabi Drzewiecka,12271
2025,5,15,Dorota Wysocka-Schnepf,251701
2025,5,17,Maksymilian Sznepf,229332
2025,5,27,Joka,167976
2025,5,39,Filip Gurłacz,108128
2025,5,61,Teresa Trzaskowska,71156
2025,5,64,Adrianna Borek,68128
2025,5,118,Zabójstwo dokonane przez Kajetana Poznańskiego,43974
2025,5,120,Jacek Jeschke,43567
2025,5,128,Monika Braun,41628
2025,5,138,Maciej Zaborowski,39792
2025,5,155,Alicja Schnepf,35779
2025,5,189,Mieczysław Mentzen,31456
2025,5,200,Mateusz Murański,30529
2025,5,231,Bogdan Rymanowski,28505
2025,5,272,Piotr Ferster,25891
2025,5,319,Miuosh,23162
2025,5,322,Wybory prezydenckie w Polsce w 2020 roku (pierwsze),23070
2025,5,325,Steczkowscy,22736
2025,5,366,Hanna Żudziewicz,20838
2025,5,379,Ewa Woydyłło-Osiatyńska,20324
2025,5,439,Hotel Paradise,18573
2025,5,454,Murański,18069
2025,5,456,Radomir Wit,18041
2025,5,460,Elżbieta Tarkowska,17979
2025,5,462,Arleta Bojke,17900
2025,5,471,Tomasz Sygut,17735
2025,5,472,Barbara i Jan,17721
2025,5,473,Chada,17701
2025,5,479,Paweł Fortuna,17538
2025,5,495,Emil Stępień,17311
2025,5,521,Marlena Milwiw,16864
2025,5,535,Justyna Dobrosz-Oracz,16538
2025,5,536,Bronisław Trzaskowski,16537
2025,5,552,Bogusław Nizieński,16335
2025,5,585,Agnieszka Gozdyra,15827
2025,5,604,Aleksandra Kwaśniewska,15435
2025,5,665,The Traitors. Zdrajcy,14828
2025,5,690,Piotr Witwicki,14570
2025,5,699,Aleksander Milwiw-Baron,14486
2025,5,712,Sebastian Krajewski,14303
2025,5,714,Tomasz Wolny,14291
2025,5,745,Totart,13921
2025,5,840,Total Casino,13129
2025,5,865,Zofia Reklewska-Braun,12908
2025,5,882,Przemysław Witek (polityk),12743
2025,5,903,Natalia Niemen,12523
2025,5,912,Stanisław Trzaskowski,12455
2025,5,915,Skolim,12447
2025,5,934,CW 24tv,12228
2025,5,937,Danuta Rucińska,12184
2025,5,987,Alaksiej Nasiewicz,11897
2025,6,91,Jakub Nowak (siatkarz),42308
2025,6,154,Redan (przedsiębiorstwo),30867
2025,6,156,Teresa Trzaskowska,30713
2025,6,210,Marcin Jabłoński (polityk),25257
2025,6,223,Top Secret (przedsiębiorstwo),24469
2025,6,232,Alaksiej Nasiewicz,23784
2025,6,237,Robert Żarczyński,23635
2025,6,255,Total Casino,22867
2025,6,258,Aleksandra Kisielewska,22786
2025,6,261,Skolim,22694
2025,6,275,Arleta Bojke,22113
2025,6,310,Piotr Ferster,20546
2025,6,395,Marcin Januszkiewicz,18191
2025,6,398,Jan Młynarski,18166
2025,6,400,Sylwester Marciniak,18150
2025,6,403,Ernest Bejda,18025
2025,6,404,Bogdan Rymanowski,18012
2025,6,476,Dorota Wysocka-Schnepf,16249
2025,6,486,Sławek Uniatowski,16017
2025,6,493,Michał Zembala,15813
2025,6,498,Stanisław Trzciński (kulturoznawca),15661
2025,6,506,Maksymilian Sznepf,15552
2025,6,511,Maja Klajda,15531
2025,6,524,Michał Gierżot,15418
2025,6,570,Monika Braun,14642
2025,6,589,Noc teczek,14383
2025,6,613,Agnieszka Fatyga,13987
2025,6,615,Marcin Matczak,13970
2025,6,619,Sprawa zabójstwa Krzysztofa Olewnika,13876
2025,6,653,Mateusz Parzymięso,13444
2025,6,724,Radosław Markowski,12800
2025,6,733,Przemysław Rosati,12683
2025,6,752,Adrian Klarenbach,12430
2025,6,764,Wirówka wzbogacająca,12347
2025,6,779,Radzimir Dębski,12194
2025,6,789,Aleksandra Kwaśniewska,12076
2025,6,804,Felicjan Andrzejczak,11964
2025,6,817,Sejm Rzeczypospolitej Polskiej X kadencji,11837
2025,6,823,Estakada w Chorzowie,11789
2025,6,824,Aniela (serial telewizyjny),11780
2025,6,845,Robert Chojnacki,11559
2025,6,877,Ewa Woydyłło-Osiatyńska,11365
2025,6,934,Małgorzata Rozenek-Majdan,11043
2025,6,971,Władysław Teofil Bartoszewski,10823
2025,6,975,Jarosław Sokołowski (gangster),10815
2025,6,977,Joka,10803
2025,7,33,Bas Tajpan,68206
2025,7,41,Kabaret Potem,61442
2025,7,47,Jolanta Lange,59965
2025,7,76,Jakub Nowak (siatkarz),43354
2025,7,83,Maksymilian Sznepf,40397
2025,7,99,Adam Kornacki,36281
2025,7,128,Skolim,30700
2025,7,132,Maciej Świrski,30236
2025,7,133,Tomasz Majer,30130
2025,7,150,Patryk Mikiciuk,28336
2025,7,153,Spadkobiercy (program telewizyjny),27944
2025,7,176,Przemysław Dębiak,26368
2025,7,186,Agnieszka Glapiak,25591
2025,7,193,Łukasz Pietsch,25161
2025,7,206,Adam Pernal,24364
2025,7,299,Primo voto,20273
2025,7,300,Krzysztof Szubzda,20254
2025,7,306,Redan (przedsiębiorstwo),20000
2025,7,352,Mirosław Michalski,18846
2025,7,373,Leszek Jenek,18298
2025,7,400,Zaginięcie Iwony Wieczorek,17678
2025,7,417,Top Secret (przedsiębiorstwo),17361
2025,7,419,Dorota Wysocka-Schnepf,17314
2025,7,431,Radzimir Dębski,17130
2025,7,439,Maria Szczepaniec,17028
2025,7,451,Ryszard Olesiński (muzyk),16797
2025,7,472,Mirosław Gancarz,16347
2025,7,490,Andrzej Banasiak,16030
2025,7,538,Tomasz Tomaszewski (aktor),14996
2025,7,580,Robert Dobrzycki,14335
2025,7,626,Monika Braun,13705
2025,7,630,Mirosław Bryś,13650
2025,7,645,Marcin Majewski,13427
2025,7,648,Ewa Woydyłło-Osiatyńska,13397
2025,7,656,Modelki,13291
2025,7,687,Fagata,13044
2025,7,747,Rafał Zapała,12507
2025,7,755,Karolina Gilon,12466
2025,7,768,Jarosław Sokołowski (gangster),12345
2025,7,831,Katarzyna Sienkiewicz (wokalistka),11804
2025,7,883,Arkadiusz Muś,11374
2025,7,937,Agnieszka Fatyga,10992
2025,7,950,Tomasz Zimoch,10907
2025,7,954,Zbigniew Hołdys,10882
2025,7,972,Przemysław Rosati,10773
2025,7,976,Andrzej Kowalski (generał),10750
2025,7,983,Parafia Najświętszego Serca Pana Jezusa w Przypkach,10728
2025,8,34,Maciej Krakowian,56330
2025,8,45,Jakub Nowak (siatkarz),48809
2025,8,100,Maksymilian Sznepf,32539
2025,8,113,Skolim,30624
2025,8,133,Andrzej Banasiak,28672
2025,8,182,Oddział Zamknięty,25698
2025,8,193,Katastrofa lotnicza na Radom Air Show 2009,25256
2025,8,206,Jacek Bazan,24363
2025,8,222,Tomasz Jarosz,23609
2025,8,264,Ewa Weber,22078
2025,8,312,Justyna Dobrosz-Oracz,20511
2025,8,379,Krucjata (serial telewizyjny),18766
2025,8,426,Jarosław Wąsowicz,17667
2025,8,449,Elżbieta Śmiarowska,17159
2025,8,453,Grzegorz Dobiecki,17079
2025,8,468,Raport Macierewicza,16827
2025,8,476,Dominik Chmielewski,16727
2025,8,489,Zygmunt Babiak,16572
2025,8,507,Stanisław Karpiel-Bułecka,16300
2025,8,535,Ewa Woydyłło-Osiatyńska,15945
2025,8,550,Zalia,15762
2025,8,613,Dorota Wysocka-Schnepf,14957
2025,8,618,Jerzy Kalibabka,14901
2025,8,636,Dominika Gawęda,14726
2025,8,641,Rada Gabinetowa,14692
2025,8,656,Natalia Grosiak,14492
2025,8,662,Robert Stockinger,14419
2025,8,691,Łukasz Drapała,14132
2025,8,697,Mieczysław Banasik,14105
2025,8,709,Teresa Trzaskowska,13969
2025,8,716,Krajowy Plan Odbudowy,13872
2025,8,773,Joanna Lazer,13338
2025,8,863,Modelki,12616
2025,8,876,Robert Friedrich,12574
2025,8,886,Krzysztof Jaryczewski,12530
2025,8,889,Chada,12487
2025,8,920,Arleta Bojke,12263
2025,8,930,Wrocław: Libacja na skwerku,12227
2025,8,942,F-16 w Siłach Powietrznych,12133
2025,8,947,Zaginięcie Iwony Wieczorek,12102
2025,8,950,Wersow,12089
2025,8,971,Jarosław Sokołowski (gangster),11978
2025,9,1,Katarzyna Stoparczyk,653121
2025,9,6,Maksymilian Sznepf,155369
2025,9,24,Piotr Andrzejewski,87615
2025,9,36,Dorota Wysocka-Schnepf,71730
2025,9,55,Katarzyna Butowtt,57794
2025,9,65,Mariusz Haładyj,53905
2025,9,89,Skolim,43466
2025,9,103,Maciej Krakowian,41088
2025,9,140,Jolanta Pieńkowska,33650
2025,9,142,Bożena Batycka,33125
2025,9,171,Anna Głogowska,29709
2025,9,188,Kamil Studnicki,28544
2025,9,220,Iwona Pavlović,26713
2025,9,309,Rafał Maserak,22290
2025,9,327,Jolanta Lange,21451
2025,9,329,Maciej Klisz,21183
2025,9,333,The Floor,21078
2025,9,347,Piotr Mróz (aktor),20639
2025,9,385,Dorota Szelągowska,19455
2025,9,389,Hotel Paradise,19254
2025,9,393,Alicja Schnepf,19111
2025,9,462,Lista odcinków programu Twoja twarz brzmi znajomo,17577
2025,9,480,Jacek Bursztynowicz,17018
2025,9,568,Arleta Bojke,15615
2025,9,575,Jakub Wons,15521
2025,9,602,Dominik Chmielewski,15136
2025,9,615,Tomasz Butowtt,14983
2025,9,634,Idź na całość,14663
2025,9,688,Aleksandra Kwaśniewska,14176
2025,9,696,Mistrzostwa Świata w Piłce Siatkowej Mężczyzn 2025 (składy),13988
2025,9,716,Krzysztof Hulboj,13789
2025,9,722,Michał Balicki,13680
2025,9,735,Jacek Dubois,13599
2025,9,737,Przemysław Rosati,13586
2025,9,817,Rinke Rooyens,12739
2025,9,871,Paweł Galia,12366
2025,9,874,Dominika Gawęda,12339
2025,9,896,Ewa Woydyłło-Osiatyńska,12216
2025,9,911,Władysław Grochowski,12116
2025,9,916,Tomasz Wygoda,12092
2025,9,928,XIII Księga Pana Tadeusza,12013
2025,9,942,Kamila Kajak,11897
2025,9,943,Batycki,11896
2025,10,15,Yehuda Prokopowicz,85212
2025,10,30,Łukasz Mejza,68843
2025,10,51,Katarzyna Butowtt,52787
2025,10,56,Ludomir Handzel,51475
2025,10,66,Skolim,49139
2025,10,79,Wersow,41909
2025,10,82,Maciej Kurzajewski,41738
2025,10,89,Friz,39987
2025,10,138,Bartłomiej Kotschedoff,32443
2025,10,157,Eliza Kącka,30021
2025,10,167,Jacek Bursztynowicz,29435
2025,10,191,Tomasz Wygoda,27283
2025,10,209,Pola Gonciarz,26075
2025,10,215,Hotel Paradise,25454
2025,10,228,Glina (serial telewizyjny),24685
2025,10,234,Dorota Wysocka-Schnepf,24246
2025,10,246,Eryk Kulm (muzyk),23553
2025,10,288,Monika Braun,21993
2025,10,290,Tadeusz Sznuk,21962
2025,10,297,Łaska uświęcająca,21763
2025,10,302,Żurnalista,21615
2025,10,303,Kamil Studnicki,21605
2025,10,312,Spowiedź,21380
2025,10,326,Paulina Smaszcz,20871
2025,10,333,Cwel,20744
2025,10,354,Lista odcinków programu Twoja twarz brzmi znajomo,20079
2025,10,356,Natalia Muianga,20017
2025,10,365,Joanna Ławrynowicz-Just,19792
2025,10,405,Paulina Andrzejewska,18803
2025,10,410,Dzień Edukacji Narodowej,18721
2025,10,413,The Floor,18675
2025,10,432,Rafał Maserak,18319
2025,10,437,Krzysztof Hulboj,18176
2025,10,501,Marcin Hakiel,17206
2025,10,592,Małgorzata Rozenek-Majdan,15761
2025,10,597,Janusz Ekiert,15737
2025,10,608,Ewa Woydyłło-Osiatyńska,15667
2025,10,663,Iwona Pavlović,15090
2025,10,668,Maksymilian Sznepf,15037
2025,10,681,Aleksander Milwiw-Baron,14904
2025,10,715,Fagata,14438
2025,10,731,Drelich (serial telewizyjny),14297
2025,10,764,Zalia,13982
2025,10,798,Adrian Kosowski,13556
2025,10,830,Scheda (polski serial telewizyjny),13255
2025,10,855,Jakub Wiech,13133
2025,10,899,Szpital św. Anny,12787
2025,10,904,Michał Zembala,12720
2025,10,910,Andrzej Mrożewski,12664
2025,10,911,Anna Głogowska,12662
2025,10,914,Bracia Figo Fagot,12641
2025,10,940,Ekipa Friza,12464
2025,10,944,Natalia Niemen,12448
2025,10,960,Lista najstarszych ludzi w Polsce,12347
2025,10,963,Tomasz Butowtt,12334
2025,10,980,Browar Namysłów,12224
2025,11,2,Andrzej Ułasiewicz,544465
2025,11,16,Euroafrica Linie Żeglugowe,131390
2025,11,22,Mikołaj Bagiński (przedsiębiorca),102898
2025,11,33,Przemysław Babiarz,74279
2025,11,85,Jakub Wons,41308
2025,11,106,Natalia Muianga,38794
2025,11,160,Dorota Szelągowska,30252
2025,11,171,Krzysztof Hulboj,28933
2025,11,186,Skolim,28257
2025,11,206,Furta (statek wodny),27022
2025,11,222,Iwona Pavlović,25739
2025,11,239,Aleksandra Kwaśniewska,25180
2025,11,248,Bogdan Rymanowski,24774
2025,11,265,Tomasz Wygoda,23869
2025,11,361,Wojciech Czuchnowski,19906
2025,11,424,Czarna śmierć (serial telewizyjny),18531
2025,11,467,Cwel,17795
2025,11,485,Paulina Andrzejewska,17619
2025,11,492,Joka,17501
2025,11,510,Mini Majk,17173
2025,11,535,Tadeusz Sznuk,16686
2025,11,536,Małgorzata Rozenek-Majdan,16682
2025,11,548,Zalia,16395
2025,11,554,Szpital św. Anny,16314
2025,11,577,Rafał Maserak,15949
2025,11,599,The Floor,15624
2025,11,621,Przemysław Klima,15350
2025,11,641,Arleta Bojke,14994
2025,11,676,Glina (serial telewizyjny),14628
2025,11,731,Ryszard Bogucki,14048
2025,11,745,Jerzy Derfel,13944
2025,11,751,Agnieszka Burzyńska,13851
2025,11,791,Bartłomiej Kotschedoff,13533
2025,11,814,MS Busko Zdrój,13347
2025,11,843,Krystyna Mazurówna,13106
2025,11,847,Maciej Kurzajewski,13077
2025,11,876,Katarzyna Butowtt,12927
2025,11,884,Jacek Janczarski,12886
2025,11,889,Pola Gonciarz,12867
2025,11,903,Lejb Fogelman,12741
2025,11,916,Alicja Surowiec,12654
2025,11,926,Sprawiedliwi – Wydział Kryminalny,12604
2025,11,960,Roman Czejarek,12469
2025,11,972,Emil Czeczko,12378
2025,11,976,Marcin Matczak,12343
2026,1,5,Ryszard Bogucki,195930
2026,1,6,Bogdan Kacmajor,188580
2026,1,16,Skolim,94921
2026,1,21,Niebo. Rok w piekle,90290
2026,1,68,Elżbieta Dziech,43698
2026,1,104,U Pana Boga w Królowym Moście,34849
2026,1,128,Zaginięcie Iwony Wieczorek,31963
2026,1,151,Bogdan Trojanek,30185
2026,1,168,Andrzej Ułasiewicz,29209
2026,1,175,Plebiscyt Przeglądu Sportowego 2025,28556
2026,1,184,Adam Borowski,27981
2026,1,189,Zima stulecia,27646
2026,1,263,Andrzej Banasiak,23484
2026,1,267,Robert Dobrzycki,23081
2026,1,316,Aleksandra Grabowska (aktorka),21499
2026,1,332,Lech Wilczek,21020
2026,1,363,Ola Ciupa,20285
2026,1,364,Lista najstarszych ludzi w Polsce,20258
2026,1,399,Czarny Kot (samowola budowlana),19218
2026,1,432,Katarzyna Butowtt,18518
2026,1,439,Dorota Szelągowska,18342
2026,1,449,Michał Wójcik (komik),18052
2026,1,461,Akop Szostak,17768
2026,1,484,Radzimir Dębski,17324
2026,1,514,19. Południk,16764
2026,1,520,Kabaret Nowaki,16672
2026,1,522,Eugeniusz Olejarczyk,16625
2026,1,523,Krzysztof Dzierma,16623
2026,1,577,Magdalena Prokopowicz,15905
2026,1,578,Małgorzata Rozenek-Majdan,15904
2026,1,592,Cwel,15772
2026,1,628,Magdalena Narożna,15289
2026,1,638,Livka (piosenkarka),15154
2026,1,641,Anna Popek,15150
2026,1,647,Sprawa zabójstwa Krzysztofa Olewnika,15107
2026,1,650,Neo-Nówka,15062
2026,1,660,Adrianna Borek,14972
2026,1,715,Katarzyna Stoparczyk,14375
2026,1,735,Krzysztof Hulboj,14187
2026,1,798,Jarosław Sokołowski (gangster),13743
2026,1,807,Krystyna Mazurówna,13635
2026,1,845,Agnieszka Woźniak-Starak,13302
2026,1,852,Zalia,13239
2026,1,853,Mirosław Danielak,13226
2026,1,861,Joanna Przetakiewicz,13194
2026,1,882,Mariusz Jędrzejko,12984
2026,1,887,Roman Żurek,12926
2026,1,909,Plebiscyt Przeglądu Sportowego 2024,12761
2026,1,925,Disco Star,12656
2026,1,946,Michał Olszewski (duchowny),12550
2026,1,954,Arkadiusz Szkutnik,12493
2026,1,986,Grzegorz Jankowski (dziennikarz),12227
2026,1,991,Dominika Gawęda,12198
2026,2,7,Huta Metali Nieżelaznych Szopienice,351837
2026,2,12,Dominika Żukowska,190699
2026,2,31,Polscy medaliści zimowych igrzysk olimpijskich,103660
2026,2,56,Bogdan Kacmajor,62250
2026,2,75,Maria Wiernikowska,50674
2026,2,101,Zdzisław Grudzień,40617
2026,2,127,Skolim,34765
2026,2,137,Beata Paluch,33091
2026,2,228,Niebo. Rok w piekle,26116
2026,2,238,Paweł (Katowice),25503
2026,2,256,Maciej Bochniak,24433
2026,2,378,LKS Klimczok Bystra,19347
2026,2,383,Sebastian Pawlak,19180
2026,2,384,Andrzej Korycki (piosenkarz),19177
2026,2,392,Rodzeństwo Prevców,18971
2026,2,427,Robert Dobrzycki,17919
2026,2,463,Reprezentacja Polski w skokach narciarskich,17005
2026,2,469,The Traitors. Zdrajcy,16817
2026,2,518,Kali (raper),16177
2026,2,519,Joka,16175
2026,2,540,Piotr Wagner,15883
2026,2,574,Aleksander Milwiw-Baron,15266
2026,2,578,Radosław Piesiewicz,15228
2026,2,583,Ewa Żarska,15115
2026,2,596,Edmund Gryglewicz,14874
2026,2,609,Emerytura olimpijska,14755
2026,2,619,Zbigniew Hołdys,14584
2026,2,622,Zalia,14533
2026,2,673,Magdalena Sobkowiak-Czarnecka,13801
2026,2,674,Friz,13794
2026,2,683,Cwel,13602
2026,2,691,Zbigniew Sajnóg,13545
2026,2,699,Zuzanna Witych,13422
2026,2,705,Przemysław Babiarz,13348
2026,2,739,U Pana Boga w Królowym Moście,12935
2026,2,773,Ewa Żukowska,12557
2026,2,782,Dorota Szelągowska,12459
2026,2,805,Jacek Walkiewicz,12346
2026,2,865,Agnieszka Woźniak-Starak,11965
2026,2,872,Edyta Folwarska,11929
2026,2,917,Radosław Markowski,11585
2026,2,932,Andrzej Ułasiewicz,11459
2026,2,933,Wersow,11453
2026,2,973,Katarzyna Butowtt,11158
2026,2,976,Hugo Tarres,11150
2026,3,13,Piotr Kędzierski,108585
2026,3,15,Kamil Nożyński,104653
2026,3,32,Huta Metali Nieżelaznych Szopienice,70985
2026,3,85,Wojciech Szewko,41242
2026,3,127,Magdalena Sobkowiak-Czarnecka,32927
2026,3,130,Miuosh,32578
2026,3,134,The Traitors. Zdrajcy,31942
2026,3,178,Tomasz Wygoda,27599
2026,3,184,Królowa przetrwania,27005
2026,3,202,Akop Szostak,25437
2026,3,203,Skolim,25424
2026,3,247,Marzanna Graff,23486
2026,3,269,Maffashion,21839
2026,3,278,Robert Dobrzycki,21602
2026,3,283,Maciej Pesta,21404
2026,3,311,Mariusz Jędrzejko,20225
2026,3,357,Jacek Jeschke,18886
2026,3,367,Janusz Ratajczak (śpiewak),18617
2026,3,429,Adam Borowski,17131
2026,3,433,Wanda Buk,17100
2026,3,435,Hanna Żudziewicz,17086
2026,3,473,Koral (lody),16299
2026,3,484,Hotel Paradise,16139
2026,3,517,Joanna Przetakiewicz,15565
2026,3,524,Małgorzata Rozenek-Majdan,15426
2026,3,532,Władysław Teofil Bartoszewski,15210
2026,3,537,Lil Masti,15148
2026,3,543,Eugeniusz Chimczak,15050
2026,3,547,Jagoda Gancarek,15002
2026,3,559,Cwel,14777
2026,3,584,Fagata,14327
2026,3,599,Rinke Rooyens,14191
2026,3,658,Malwina Wędzikowska,13597
2026,3,680,Daniel Galus,13366
2026,3,722,Iwona Pavlović,12909
2026,3,724,The Floor,12905
2026,3,728,Dorota Szelągowska,12853
2026,3,738,Sprawa śmierci Ewy Tylman,12778
2026,3,786,Filip Gurłacz,12280
2026,3,796,Piotr Gursztyn,12220
2026,3,810,Bogdan Kacmajor,12087
2026,3,833,Robert Stockinger,11896
2026,3,844,Sprawa zabójstwa Krzysztofa Olewnika,11785
2026,3,855,Ryszard Bogucki,11691
2026,3,864,Jakub Wons,11615
2026,3,873,Rafał Maserak,11543
2026,3,874,Szpital św. Anny,11533
2026,3,880,Małgorzata Potocka (tancerka),11470
2026,3,889,Dawid Bratko,11436
2026,3,892,Marcin Hakiel,11414
2026,3,897,Agnieszka Grzelak (blogerka),11403
2026,3,898,Łukasz Mejza,11400
2026,3,922,Piekło kobiet (serial telewizyjny),11260
2026,3,941,Marta Kightley,11174
2026,3,952,Czar par,11074
2026,3,957,Gabi Drzewiecka,11063
2026,4,29,Marek Magiera,57933
2026,4,40,Sprawa Łomiarza,47674
2026,4,43,Łukasz Mejza,47155
2026,4,45,Edward Miszczak,46531
2026,4,53,Fundacja Cancer Fighters,41218
2026,4,62,Mariusz Jędrzejko,38490
2026,4,77,Miuosh,34207
2026,4,79,Peja vs Tede,33651
2026,4,86,Radosław Piesiewicz,32317
2026,4,99,Piotr Kędzierski,30326
2026,4,100,Eveline Cosmetics,30322
2026,4,102,Skolim,29729
2026,4,108,Martyna Załoga,29251
2026,4,136,The Traitors. Zdrajcy,27070
2026,4,142,Andrzej Kowalski (generał),26611
2026,4,143,Zalia,26517
2026,4,165,Beata Drzazga,24678
2026,4,192,Edward Warchocki,23393
2026,4,219,Magdalena Bentkowska,21781
2026,4,240,Katarzyna Kubacka-Seweryn,20844
2026,4,241,Królowa przetrwania,20801
2026,4,243,Natalisa,20766
2026,4,251,Huta Metali Nieżelaznych Szopienice,20398
2026,4,271,Wojciech Morawski (muzyk),19714
2026,4,287,Anna Korwin-Piotrowska,19024
2026,4,294,Żurnalista,18876
2026,4,321,Hotel Paradise,18234
2026,4,334,Maffashion,17964
2026,4,374,Marissa (piosenkarka),17083
2026,4,397,Ryszard Florek,16577
2026,4,434,Fagata,15902
2026,4,477,Ewa Żarska,14999
2026,4,485,Michał Marszał,14822
2026,4,531,Jacek Jeschke,14220
2026,4,534,Krystian Markiewicz,14177
2026,4,547,Malwina Wędzikowska,14019
2026,4,560,Poparzeni Kawą Trzy,13805
2026,4,571,Marcin Matczak,13631
2026,4,575,Total Casino,13551
2026,4,612,Juha Miettinen,13173
2026,4,637,Agnieszka Kołodziejska,12933
2026,4,641,Dawid Bratko,12909
2026,4,674,Joanna Przetakiewicz,12602
2026,4,678,Rinke Rooyens,12573
2026,4,686,Dariusz Szostek,12493
2026,4,696,Filip Gurłacz,12425
2026,4,721,Dorota Szelągowska,12197
2026,4,727,Kamil Nożyński,12132
2026,4,739,Maciej Taborowski,12042
2026,4,747,Zenon Rzeźniczak,11952
2026,4,806,Małgorzata Rozenek-Majdan,11475
2026,4,827,Mikołaj Bagiński (przedsiębiorca),11353
2026,4,852,Hanna Żudziewicz,11168
2026,4,858,Ryszard Bogucki,11125
2026,4,861,Miü,11107
2026,4,892,Bogusława Blajfer,10908
2026,4,893,Jakub Wons,10907
2026,4,932,Ciągle tutaj jestem (diss na raka),10741
2026,4,966,Agnieszka Grzelak (blogerka),10617
2026,4,974,Łukasz Zagrobelny,10538
2026,4,992,Szpital św. Anny,10418
2026,5,31,Skolim,53023
2026,5,33,Krzysztof Gojdź,51918
2026,5,71,Izabela Janachowska-Jabłońska,41865
2026,5,101,Stanisław Janicki (filmowiec),33911
2026,5,106,Zalia,32936
2026,5,108,Hanna Żudziewicz,31679
2026,5,111,Gamou Fall,31040
2026,5,115,Jacek Jeschke,30131
2026,5,116,Mariusz Jędrzejko,30106
2026,5,118,Królowa przetrwania,29923
2026,5,122,Magdalena Sobkowiak-Czarnecka,29232
2026,5,134,Piotr Kędzierski,28332
2026,5,179,Mariusz Węgłowski,24750
2026,5,185,Malwina Wędzikowska,24057
2026,5,192,The Traitors. Zdrajcy,23742
2026,5,233,Maciej Zaborowski,21458
2026,5,238,Marcin Kozakiewicz,21397
2026,5,254,Łukasz Mejza,20755
2026,5,264,Hotel Paradise,20242
2026,5,275,Rinke Rooyens,19848
2026,5,299,Fagata,18946
2026,5,300,Total Casino,18792
2026,5,339,Tamara Gonzalez Perea,17648
2026,5,346,Andrzej Mrowiec,17469
2026,5,352,Olga Łasak,17267
2026,5,376,Róże Europy,16659
2026,5,390,Maffashion,16185
2026,5,423,Edward Warchocki,15654
2026,5,428,Sprawa Łomiarza,15578
2026,5,459,Szpital św. Anny,15045
2026,5,468,Małgorzata Rozenek-Majdan,14948
2026,5,516,Agnieszka Fatyga,14224
2026,5,526,Agnieszka Kołodziejska,14070
2026,5,555,Katarzyna Kołodziejczyk (politolog),13666
2026,5,592,Dawid Bratko,13246
2026,5,607,Wiktor Waligóra,13119
2026,5,624,Odznaczeni Orderem Orła Białego (III Rzeczpospolita),12971
2026,5,628,Joanna Przetakiewicz,12958
2026,5,720,Referendum gminne w sprawie odwołania Prezydenta Miasta Krakowa oraz Rady Miejskiej Krakowa przed upływem kadencji w 2026 roku,12247
2026,5,743,Marcin Matczak,12047
2026,5,750,Katarzyna Sienkiewicz (wokalistka),12021
2026,5,751,Marian Zmarzły,12015
2026,5,772,Iwona Pavlović,11827
2026,5,837,Natalisa,11430
2026,5,850,Miuosh,11355
2026,5,873,Paweł Jaskanis,11228
2026,5,918,Radosław Piesiewicz,10919
2026,5,937,Ewa Błachnio,10754
2026,5,962,Filip Gurłacz,10626
2026,5,964,Edward Miszczak,10614
2026,5,989,Ryszard Piotrowski,10471
2026,6,19,Bogdan Olewicz,101953
2026,6,32,Skolim,76231
2026,6,34,Andrzej Szeptycki (politolog),66569
2026,6,45,Odznaczeni Orderem Orła Białego (III Rzeczpospolita),56701
2026,6,56,Odznaczeni Orderem Orła Białego (II Rzeczpospolita),49111
2026,6,66,Magdalena Sobkowiak-Czarnecka,45417
2026,6,79,Andrzej Mogielnicki,42293
2026,6,90,Alaksiej Nasiewicz,39139
2026,6,103,Tadeusz Gołębiewski (przedsiębiorca),35636
2026,6,123,Monika Horna-Cieślak,32550
2026,6,131,Jacek Dubois,31674
2026,6,162,Łukasz Mejza,29087
2026,6,165,Dawid Bratko,28498
2026,6,232,Andrzej Sasin,23340
2026,6,235,Zalia,23283
2026,6,250,Maciej Krakowian,22499
2026,6,282,Mikołaj Bagiński (przedsiębiorca),20530
2026,6,284,Total Casino,20378
2026,6,424,Maciej Dowbor,16566
2026,6,458,Dariusz Zawistowski,15713
2026,6,489,Zbigniew Parafianowicz,15255
2026,6,492,Kapituła Orderu Orła Białego,15117
2026,6,494,Łukasz Drapała,15062
2026,6,540,Patryk Słowik,14433
2026,6,543,Piotr Pytel,14365
2026,6,549,Krzysztof Gojdź,14298
2026,6,558,Aleksander Lwow,14112
2026,6,601,Maciej Balcar,13669
2026,6,603,Agnieszka Woźniak-Starak,13641
2026,6,609,Aleksandra Kwaśniewska,13565
2026,6,628,Maria Ejchart,13273
2026,6,655,Adam Borowski,13034
2026,6,661,Król dopalaczy,12968
2026,6,735,Warszawski Szpital Południowy,12090
2026,6,776,Zbigniew Hołdys,11677
2026,6,783,Poparzeni Kawą Trzy,11635
2026,6,805,Paulina Chylewska,11475
2026,6,807,Katarzyna Kołodziejczyk (politolog),11470
2026,6,830,Robert Friedrich,11264
2026,6,837,Odznaczeni Orderem Orła Białego (I Rzeczpospolita),11207
2026,6,838,Radzimir Dębski,11207
2026,6,880,Neo-Nówka,10882
2026,6,900,Małgorzata Rozenek-Majdan,10783
2026,6,905,Afera podkarpacka,10755
2026,6,914,Jakub Nowak (siatkarz),10687
2026,6,952,Roman Żurek,10439
2026,6,965,Arleta Bojke,10347
2026,6,976,Sebastian Riedel,10315